-- MySQL dump 10.13  Distrib 8.0.17, for Win64 (x86_64)
--
-- Host: localhost    Database: project
-- ------------------------------------------------------
-- Server version	8.0.17

/*!40101 SET @OLD_CHARACTER_SET_CLIENT=@@CHARACTER_SET_CLIENT */;
/*!40101 SET @OLD_CHARACTER_SET_RESULTS=@@CHARACTER_SET_RESULTS */;
/*!40101 SET @OLD_COLLATION_CONNECTION=@@COLLATION_CONNECTION */;
/*!50503 SET NAMES utf8 */;
/*!40103 SET @OLD_TIME_ZONE=@@TIME_ZONE */;
/*!40103 SET TIME_ZONE='+00:00' */;
/*!40014 SET @OLD_UNIQUE_CHECKS=@@UNIQUE_CHECKS, UNIQUE_CHECKS=0 */;
/*!40014 SET @OLD_FOREIGN_KEY_CHECKS=@@FOREIGN_KEY_CHECKS, FOREIGN_KEY_CHECKS=0 */;
/*!40101 SET @OLD_SQL_MODE=@@SQL_MODE, SQL_MODE='NO_AUTO_VALUE_ON_ZERO' */;
/*!40111 SET @OLD_SQL_NOTES=@@SQL_NOTES, SQL_NOTES=0 */;

--
-- Table structure for table `body`
--

DROP TABLE IF EXISTS `body`;
/*!40101 SET @saved_cs_client     = @@character_set_client */;
/*!50503 SET character_set_client = utf8mb4 */;
CREATE TABLE `body` (
  `num` int(11) NOT NULL AUTO_INCREMENT,
  `userid` varchar(10) DEFAULT NULL,
  `year` int(11) DEFAULT NULL,
  `month` int(11) DEFAULT NULL,
  `day` int(11) DEFAULT NULL,
  `image` varchar(300) DEFAULT 'NoImage',
  PRIMARY KEY (`num`)
) ENGINE=InnoDB AUTO_INCREMENT=22 DEFAULT CHARSET=utf8mb4 COLLATE=utf8mb4_0900_ai_ci;
/*!40101 SET character_set_client = @saved_cs_client */;

--
-- Dumping data for table `body`
--

LOCK TABLES `body` WRITE;
/*!40000 ALTER TABLE `body` DISABLE KEYS */;
INSERT INTO `body` VALUES (12,'kwen',2019,12,3,'/images/uploads/exercise/6f8899775dd607eb9cb23944f58dadaa'),(13,'kwen',2019,12,5,'/images/uploads/exercise/7c81f1e817256d114a15776fc7226300'),(14,'kwen',2019,12,7,'/images/uploads/exercise/b3e6dd558c522d9b5741093a11b5662c'),(15,'kwen',2019,12,8,'/images/uploads/exercise/33c00f76ae464eea176d1b5b5cbe479f'),(16,'kwen',2019,12,9,'/images/uploads/exercise/f291b472ac199dd1d0c5da7a9ca8b1c6'),(21,'kwen',2019,12,17,'/images/uploads/exercise/bb2958ab6ddc714e50f268a65837ce7d');
/*!40000 ALTER TABLE `body` ENABLE KEYS */;
UNLOCK TABLES;

--
-- Table structure for table `exercise`
--

DROP TABLE IF EXISTS `exercise`;
/*!40101 SET @saved_cs_client     = @@character_set_client */;
/*!50503 SET character_set_client = utf8mb4 */;
CREATE TABLE `exercise` (
  `name` varchar(50) NOT NULL,
  `part` varchar(50) DEFAULT NULL,
  `expl` varchar(250) DEFAULT NULL,
  `imgurl` varchar(250) DEFAULT NULL,
  `videourl` varchar(250) DEFAULT NULL,
  PRIMARY KEY (`name`)
) ENGINE=InnoDB DEFAULT CHARSET=utf8mb4 COLLATE=utf8mb4_0900_ai_ci;
/*!40101 SET character_set_client = @saved_cs_client */;

--
-- Dumping data for table `exercise`
--

LOCK TABLES `exercise` WRITE;
/*!40000 ALTER TABLE `exercise` DISABLE KEYS */;
INSERT INTO `exercise` VALUES ('걷기','유산소',NULL,'https://image.shutterstock.com/image-photo/fitness-lifestyle-concept-woman-doing-450w-259933583.jpg',NULL),('계단','유산소',NULL,'https://image.shutterstock.com/image-photo/sport-hard-close-male-feet-450w-1134773819.jpg',NULL),('달리기','유산소',NULL,'https://image.shutterstock.com/image-photo/attractive-young-sports-woman-working-450w-723094507.jpg',NULL),('덤벨벤치프레스','가슴','호흡을 내쉬면서 덤벨을 모아주며 올리는 가슴운동이다.','https://image.shutterstock.com/image-illustration/decline-dumbbell-bench-press-3d-600w-419701321.jpg','https://ak2.picdn.net/shutterstock/videos/1024144682/preview/stock-footage-closeup-of-bodybuilder-bench-pressing-heavy-dumbbells-in-a-home-exercise-area.webm'),('덤벨프레스','어깨','호흡을 내쉬면서 바벨을 머리 위로 들어올리지만 팔꿈치는 약간은 구부린 상태로 들어올리는 어깨운동이다.\nTip.운동시 팔이 아닌 어깨의 힘으로 동작을 실시한다.','https://image.shutterstock.com/image-illustration/bench-dumbbell-sitting-3d-illustration-450w-425575576.jpg','https://ak2.picdn.net/shutterstock/videos/1037294042/preview/stock-footage-portrait-of-handsome-muscular-man-performing-exercise-for-chest-with-dumbbells-on-incline-weight.webm'),('데드리프트','등','호흡을 들이마시면서 바벨을 역기는 정강이와 가깝게 유지시켜주면서 내려주고 호흡을 내쉬면서 천천히 들어올리는 등운동이다.\nTip.허리를 항상 피고 머리를 숙이지 않은상태로 실시한다.','https://image.shutterstock.com/image-illustration/machine-dead-lifts-3d-illustration-450w-430936267.jpg','https://ak6.picdn.net/shutterstock/videos/1010882276/preview/stock-footage-tilt-up-shot-of-middle-aged-man-exercising-at-the-gym-and-performing-deadlifts-with-barbell-for.webm'),('등산','유산소',NULL,'https://image.shutterstock.com/image-photo/helping-hands-sunlight-between-two-450w-421026070.jpg',NULL),('딥스','가슴','호흡을 들이 마시면서 어깨 관절엘 스트레칭이 느껴질 때까지 몸을 내리고 호흡을 내쉬면서 팔이 완전히 펴질 때까지 몸을 위로 올리는 하부 가슴 운동이다.\nTip.몸을 앞으로 굽힌 상태에서 실시한다(발을 앞쪽으로 걸고 엉덩이를 뒤로 뺴는 자세 유지)','https://image.shutterstock.com/image-illustration/dips-3d-illustration-600w-425668678.jpg','https://ak5.picdn.net/shutterstock/videos/1038050945/preview/stock-footage-a-male-beard-athlete-in-black-sportswear-is-making-vertical-chest-dips-at-the-sport-center-with.webm'),('런지','하체','한 쪽 앞다리를 앞으로 내밀며 뒤쪽 다리를 내리면서 앞발이 90도가 될때까지 않았다가 일어나는 하체 운동이다.\nTip.앉을 때 앞발의 무릎이 발끝 앞으로 나오지 않게 주의한다.','https://image.shutterstock.com/image-illustration/lunges-dumbbells-3d-illustration-450w-418630522.jpg','https://ak1.picdn.net/shutterstock/videos/25968641/preview/stock-footage-fitness-man-doing-lunge-exercise-with-dumbbells-dumbbell-lunges-close-up-during-workout-male.webm'),('레그레이즈','코어','바닥에 누운 상태에서 양손을 바닥에 대고 몸을 고정한 후 호흡을 내쉬면서 다리를 위로 올려준다.\nTip. 반동을 이용하지 않고 다리를 내릴 때 다리가 바닥과 평행을 이루도록 노력한다.','https://image.shutterstock.com/image-illustration/double-leg-raise-yoga-3d-450w-436876828.jpg','https://ak2.picdn.net/shutterstock/videos/1007202022/preview/stock-footage-aerobics-for-beginners-sport-exercises-the-female-sportive-trainer-in-the-black-gym-suit-is.webm'),('레그익스텐션','하체','호흡을 내쉬면서 다리를 들어올려 무릎을 펴는 하체운동이다.\nTip.운동시 반동을 이용하지 않도록 주의한다.','https://image.shutterstock.com/image-illustration/leg-extension-simulator-on-quadriceps-450w-425324797.jpg','https://ak8.picdn.net/shutterstock/videos/1008902708/preview/stock-footage-leg-extensions-woman-in-gym.webm'),('레그프레스','하체','호흡을 마시면서 무릎을 굽히고 내쉬면서 시작 위치로 돌아오는 하체 운동이다.\nTip.가슴이 아닌 하체의 힘으로 지탱해주면서 실시한다','https://image.shutterstock.com/image-illustration/inclined-leg-press-3d-illustration-450w-434632384.jpg','https://ak7.picdn.net/shutterstock/videos/1032765317/preview/stock-footage-a-mature-overweight-man-in-a-green-t-shirt-does-a-leg-press-on-a-simulator-in-a-gym-side-view.webm'),('렛풀다운','등','호흡을 내쉬면서 바를 가슴 상단을 향해 수직으로 최대한으로 당겨주면서 가슴을 펴고 천천히 시작위치로 돌아가는 등운동이다.\nTip.팔꿈치를 수직으로 당기면 등의 넓이에 약간 기울여서 당기면 등의 굵기에 영향을 준다.','https://image.shutterstock.com/image-illustration/cable-bar-lateral-pulldown-3d-450w-622379594.jpg','https://ak2.picdn.net/shutterstock/videos/9254252/preview/stock-footage--k-female-athlete-s-back-as-she-works-out-in-a-gym-shot-on-red-epic.webm'),('밀리터리프레스','어깨','호흡을 내쉬면서 바를 정수리 위로 올리고 호흡을 들이마시면서 가슴 앞까지 내려주는 어깨운동이다.\nTip.바를 내릴 때 천천히 저항하면서 내리도록 한다.','https://image.shutterstock.com/image-illustration/machine-shoulders-press-3d-illustration-450w-430936300.jpg','https://ak5.picdn.net/shutterstock/videos/29873575/preview/stock-footage-muscular-shirtless-man-lifting-heavy-barbell-and-doing-military-press-bodybuilding-exercise-in-the.webm'),('바디아치','코어','벤치에 누워 양손은 머리 뒤쪽으로 벤치를 잡아 몸을 고정시키고 호흡을 내쉬면서 어깨와 등으로 몸의 체중을 지탱하면서 몸을 수직으로 올린다.\nTip. 다리를 내릴때 엉덩이가 바닥에 닿지 않도록 주의한다.','https://image.shutterstock.com/image-illustration/reverse-crunch-3d-illustration-450w-421042411.jpg','https://ak9.picdn.net/shutterstock/videos/33558499/preview/stock-footage-young-woman-doing-fitness-indoors-doing-stretching-girl-shakes-the-press-healthy-lifestyle-and.webm'),('바벨런지','하체','한 쪽 앞다리를 앞으로 내밀며 뒤쪽 다리를 내리면서 앞발이 90도가 될때까지 않았다가 일어나는 하체 운동이다.\nTip.앉을 때 앞발의 무릎이 발끝 앞으로 나오지 않게 주의한다.','https://image.shutterstock.com/image-illustration/lunges-barbell-on-your-shoulders-450w-425574955.jpg','https://ak9.picdn.net/shutterstock/videos/1011077639/preview/stock-footage-fit-girl-doing-lunges-with-barbell.webm'),('벤치프레스','가슴','호흡을 들이마시면서 팔을 구부려 팔꿈치가 어깨와 평행을 이루게 하며 수직으로 내리고 호흡을 내쉬면서 바벨을 밀어올리는 가슴운동이다.\nTip.허리를 아치형으로 들어주고 가슴으로 운동한다는 생각을 갖고 실시한다.','https://image.shutterstock.com/image-illustration/closegrip-barbell-bench-press-3d-260nw-430936051.jpg','https://ak4.picdn.net/shutterstock/videos/1035271574/preview/stock-footage-top-view-of-professional-athlete-doing-bench-press-workout-with-a-barbell-in-the-hardcore-gym.webm'),('사이드레이즈','어깨','호흡을 내쉬면서 덤벨을 옆으로 들어올리고 호흡을 들이마시면서 시작위치로 돌아오는 어깨운동이다.\nTip.운동시 팔이 아닌 어깨의 힘으로 동작을 실시한다.','https://image.shutterstock.com/image-illustration/lifting-dumbbell-hand-3d-illustration-450w-425668828.jpg','https://ak6.picdn.net/shutterstock/videos/1012307186/preview/stock-footage-bodybuilder-performs-seated-side-lateral-raise-reflection-of-exercise-in-mirror.webm'),('수영','유산소',NULL,'https://image.shutterstock.com/image-photo/fit-swimmer-training-swimming-pool-450w-516633376.jpg',NULL),('스쿼트','하체','호흡을 들이마시면서 무릎을 90도가 될 때까지 앉았다가 일어나는 하체 운동이다.\nTip.무릎은 최대한 앞으로 빠지지 않게 엉덩이를 뒤로 뺀다는 느낌으로 허벅지 근육에 집중하면서 실시한다.','https://image.shutterstock.com/image-illustration/squats-on-shoulders-3d-illustration-450w-428906818.jpg','https://ak6.picdn.net/shutterstock/videos/1037518346/preview/stock-footage-beautiful-fitness-young-girl-doing-squats-with-the-barbell-in-smith-machine-at-the-gym-perfect.webm'),('오버레터럴레이즈','어깨','손이 마주보게 덤벨을 잡고 다리를 어깨너비로 벌린 후 무릎을 살짝 굽힌 상태에서 허리를 숙이고 덤벨을 양 옆으로 들어올리는 어깨운동이다.\nTip.운동시 팔이 아닌 어깨의 힘으로 동작을 실시한다.','https://image.shutterstock.com/image-illustration/lifting-dumbbell-hand-lean-forward-450w-418630492.jpg','https://ak5.picdn.net/shutterstock/videos/1042089175/preview/stock-footage-side-view-close-up-of-an-athletic-caucasian-woman-wearing-sports-clothes-cross-training-at-a-gym.webm'),('원암덤벨로우','등','벤치에 왼쪽 손과 무릎을 벤치에 올리고 상체를 곧게 펴 몸이 바닥과 평행을 이룬상태에서 덤벨을 잡고 팔꿈치를 등뒤로 당기는 등운동이다.\nTip.시선은 전방을 응시하고 상체는 곧게 핀 상태를 유지한다.','https://image.shutterstock.com/image-illustration/end-dumbbell-one-hand-3d-450w-425575552.jpg','https://ak2.picdn.net/shutterstock/videos/1033148882/preview/stock-footage-toronto-ontario-canada-toronto-canada-september-workout-enthusiast.webm'),('인클라인벤치프레스','가슴','벤치 등받이를 세워줘서 벤치프레스를 실시하는 운동으로 상부 가슴 운동이다.\nTip.벤치를 지나치게 세우면 가슴이 아닌 어깨에 운동이 집중될 수 있다.','https://image.shutterstock.com/z/stock-photo-incline-smith-machine-bench-press-d-illustration-429857722.jpg','https://ak3.picdn.net/shutterstock/videos/1037294033/preview/stock-footage-athletic-fit-man-performing-barbell-chest-press-on-incline-bench-during-workout-in-outdoor-gym.webm'),('자전거','유산소',NULL,'https://image.shutterstock.com/image-photo/professional-road-bicycle-racer-action-450w-1047539635.jpg',NULL),('줄넘기','유산소',NULL,'https://image.shutterstock.com/image-photo/young-sportive-beautiful-girl-doing-450w-682786126.jpg',NULL),('체스트프레스','가슴','호흡을 내쉬면서 강하게 팔을 뻗고 마시면서 천천히 팔을 구부리는 가슴 운동이다.\nTip.케이블을 어깨보다 높게 위치시키고 양손으로 케이블을 잡아준다.','https://image.shutterstock.com/image-illustration/press-hammer-strength-gym-simulator-450w-418402315.jpg','https://ak3.picdn.net/shutterstock/videos/25021523/preview/stock-footage-young-woman-bench-pressing-with-dumbbells-in-the-gym-working-triceps-and-chest.webm'),('케이블로우','등','벤치에 엉덩이를 조금 빼고 앉아 무릎을 조금 구부리고 팔을 뻗어 바를 잡고 당기는 등운동이다.\nTip.바를 당겨줄 때 팔꿈치가 옆으로 벌어지지 않도록 주의한다.','https://image.shutterstock.com/image-illustration/standing-one-arm-cable-row-450w-430936318.jpg','https://ak2.picdn.net/shutterstock/videos/23114962/preview/stock-footage-woman-sitting-on-simulator-doing-exercises-for-hands-in-gym.webm'),('케이블플라이','가슴','호흡을 내쉬면서 양 손이 복부 앞쪽으로 오게끔 곡선을 그리면서 모아주고 호흡을 들이 마시면서 천천히 제자리로 돌아가는 가슴 운동이다.\nTip.케이블을 어깨보다 높게 위치시키고 양손으로 케이블을 잡아준다.','https://image.shutterstock.com/image-illustration/middle-cable-fly-3d-illustration-450w-430936291.jpg','https://ak1.picdn.net/shutterstock/videos/1007287291/preview/stock-footage-bodybuilder-does-cable-crossover-fly.webm'),('크런치','코어','호흡을 내쉬면서 몸을 둥글게 구부리며 올렸다 내렸다를 반복하는 복근 및 코어 운동이다.\nTip.올라올 때 등 하부가 바닥에서 떨어지지 않을 정도만 올려주고 복근에 계속 집중을 하면서 실시한다.','https://image.shutterstock.com/image-illustration/crunch-bench-3d-illustration-450w-429857659.jpg','https://ak5.picdn.net/shutterstock/videos/1011030875/preview/stock-footage-woman-doing-abdominal-crunches-exercise-on-the-fitness-mat-in-summer-park-in-slow-motion-at-sunset.webm'),('풀업','등','가슴을 바에 닿게 한다는 느낌으로 팔꿈치를 당겨서 올라가고 천천히 내려오는 대표적인 등운동이다.\nTip. 풀업을 하기전에 팔꿈치 스트레칭을 실시함으로서 부상을 방지한다.','https://image.shutterstock.com/image-illustration/pulling-wide-grip-hand-on-450w-418630594.jpg','https://ak6.picdn.net/shutterstock/videos/1025468936/preview/stock-footage-beautiful-fitness-girl-doing-pull-ups-sport-workout-exercises-muscular-woman-workout-at-a-gym.webm'),('프런트레이즈','어깨','다리를 어깨 너비로 벌리고 호흡을 내쉬면서 덤벨을 눈높이까지 들어올리는 어깨 운동이다.\nTip.관절운동이므로 무거운 중량은 의미가 없다','https://image.shutterstock.com/image-illustration/lifting-arms-forward-lower-block-450w-425324935.jpg','https://ak1.picdn.net/shutterstock/videos/25488971/preview/stock-footage-brunette-sportswoman-do-exercise-with-orange-dumbbells-in-gym-young-slim-woman-in-black-training.webm'),('행잉레그레이즈','코어','철봉을 잡은 상태에서 다리를 그대로 들어올리는 코어 및 복근 운동이다.\nTip. 복근에 집중하면서 실시하고 상체는 고정한 채로 다리만 움직인다.','https://image.shutterstock.com/image-illustration/pulling-legs-arms-hanging-on-450w-419748175.jpg','https://ak6.picdn.net/shutterstock/videos/1038119066/preview/stock-footage-slow-motion-candid-shot-of-real-healthy-and-fit-woman-performing-hanging-leg-raises-on-outdoor.webm');
/*!40000 ALTER TABLE `exercise` ENABLE KEYS */;
UNLOCK TABLES;

--
-- Table structure for table `exercisediary`
--

DROP TABLE IF EXISTS `exercisediary`;
/*!40101 SET @saved_cs_client     = @@character_set_client */;
/*!50503 SET character_set_client = utf8mb4 */;
CREATE TABLE `exercisediary` (
  `num` int(11) NOT NULL AUTO_INCREMENT,
  `userid` varchar(10) DEFAULT NULL,
  `year` int(11) DEFAULT NULL,
  `month` int(11) DEFAULT NULL,
  `day` int(11) DEFAULT NULL,
  `image1` varchar(300) DEFAULT 'NoImage',
  `image2` varchar(300) DEFAULT 'NoImage',
  `exercisetime` int(11) DEFAULT NULL,
  `exercisekcal` int(11) DEFAULT NULL,
  `exercisememo` varchar(100) DEFAULT NULL,
  PRIMARY KEY (`num`)
) ENGINE=InnoDB AUTO_INCREMENT=94 DEFAULT CHARSET=utf8mb4 COLLATE=utf8mb4_0900_ai_ci;
/*!40101 SET character_set_client = @saved_cs_client */;

--
-- Dumping data for table `exercisediary`
--

LOCK TABLES `exercisediary` WRITE;
/*!40000 ALTER TABLE `exercisediary` DISABLE KEYS */;
INSERT INTO `exercisediary` VALUES (40,'kwen',2019,12,3,'/images/uploads/exercise/6af716fadd2e15a1d819289fa1b3835f','/images/uploads/exercise/f3d5b3c00e5fd08622f7031d004ab551',52,315,'걷기  60 분\n'),(41,'kwen',2019,12,4,'/images/uploads/exercise/740d4010ce359b25a4c4c2988cdcd9af','/images/uploads/exercise/41cfb9fa078eb7b191f870448fddb25b',61,540,'수영  45 분\n'),(42,'kwen',2019,12,5,'/images/uploads/exercise/c81bfdd4cf2d7f8211da5ad707032c0c','/images/uploads/exercise/8de806045c7b857aea066a4c1f68fd6b',44,578,'등산  55 분\n'),(44,'kwen',2019,12,6,'/images/uploads/exercise/69e5458c1a0426db6d3b039602f0cd1d','/images/uploads/exercise/a89acd15f210e2df16f55de7dacce334',39,205,'걷기  39 분\n'),(45,'kwen',2019,12,7,'/images/uploads/exercise/a04c292797129cf04f1dc64e080cdf17','/images/uploads/exercise/770c2cd8b793a5e75cec4fb05bdb06a4',41,431,'등산  41 분\n'),(47,'kwen',2019,12,1,'/images/uploads/exercise/18b3f9d68d9f26bdebcd9fa675f291a5','/images/uploads/exercise/f6caccfb46b788bea038357fbebaec80',39,336,'등산  32 분\n'),(49,'kwen',2019,12,10,'/images/uploads/exercise/87c1944ae7d9d0a93884211cb4026202','/images/uploads/exercise/5c12ef6917a179a80ca947ce80457dd8',52,449,'달리기  52 분\n'),(50,'kwen',2019,12,10,'/images/uploads/exercise/51cc3ddeb57f8f30350c4cdc935d9a42','/images/uploads/exercise/b1c4cd25ddd72a741e71554394d5203a',40,461,'수영  40 분\n'),(65,'aaa',2019,12,3,'NoImage','NoImage',52,315,'걷기 50분'),(66,'aaa',2019,12,4,'NoImage','NoImage',61,540,'수영 45분'),(67,'aaa',2019,12,7,'NoImage','NoImage',41,431,'등산 41분'),(68,'aaa',2019,12,8,'NoImage','NoImage',52,315,'걷기 52분'),(69,'aaa',2019,12,10,'NoImage','NoImage',77,520,'수영 77분'),(70,'bbb',2019,12,1,'NoImage','NoImage',56,313,'걷기 56분'),(71,'bbb',2019,12,3,'NoImage','NoImage',45,540,'등산 45분'),(72,'bbb',2019,12,5,'NoImage','NoImage',56,620,'수영 56분'),(73,'bbb',2019,12,8,'NoImage','NoImage',67,800,'달리기 67분'),(74,'bbb',2019,12,11,'NoImage','NoImage',88,850,'수영 88분'),(75,'bbb',2019,12,12,'NoImage','NoImage',90,890,'수영 90분'),(76,'bbb',2019,12,6,'NoImage','NoImage',68,780,'걷기 68분'),(88,'kwen',2019,12,17,'/images/uploads/exercise/d5fb1368d739260c768c0e01793301d7','/images/uploads/exercise/d886a70fac789e3979301ef44f335df8',45,227,'걷기  45 분\n'),(89,'kwen',2019,12,17,'NoImage','/images/uploads/exercise/486191ba016e1762edf97679490ec950',37,373,'등산  37 분\n'),(90,'kwen',2019,12,17,'/images/uploads/exercise/0fbba8a04587fdf0e5e53dd390f932bf','/images/uploads/exercise/b457be8ab9ca2ca368896d26424406fc',52,449,'계단  52 분\n'),(91,'kwen',2019,12,17,'NoImage','NoImage',35,353,'등산  35 분\n'),(92,'kwen',2019,12,17,'/images/uploads/exercise/994214facdea927161a881ca13d0cfdd','/images/uploads/exercise/11458c9cef26a36b6b04b1afb0ca2e46',0,389,'달리기  45 분\n'),(93,'kwen',2019,12,17,'/images/uploads/exercise/f3c90a88453e5f7ff85f32a60a0ac9b8','/images/uploads/exercise/d0f33fd06dbf2567600e5ac36d542919',45,454,'등산  45 분\n');
/*!40000 ALTER TABLE `exercisediary` ENABLE KEYS */;
UNLOCK TABLES;

--
-- Table structure for table `exercisegroup`
--

DROP TABLE IF EXISTS `exercisegroup`;
/*!40101 SET @saved_cs_client     = @@character_set_client */;
/*!50503 SET character_set_client = utf8mb4 */;
CREATE TABLE `exercisegroup` (
  `name` varchar(30) NOT NULL,
  `password` int(11) DEFAULT NULL,
  PRIMARY KEY (`name`)
) ENGINE=InnoDB DEFAULT CHARSET=utf8mb4 COLLATE=utf8mb4_0900_ai_ci;
/*!40101 SET character_set_client = @saved_cs_client */;

--
-- Dumping data for table `exercisegroup`
--

LOCK TABLES `exercisegroup` WRITE;
/*!40000 ALTER TABLE `exercisegroup` DISABLE KEYS */;
INSERT INTO `exercisegroup` VALUES ('a',1234),('abc',1111),('bbb',1111);
/*!40000 ALTER TABLE `exercisegroup` ENABLE KEYS */;
UNLOCK TABLES;

--
-- Table structure for table `menu`
--

DROP TABLE IF EXISTS `menu`;
/*!40101 SET @saved_cs_client     = @@character_set_client */;
/*!50503 SET character_set_client = utf8mb4 */;
CREATE TABLE `menu` (
  `menunum` int(11) NOT NULL AUTO_INCREMENT,
  `menuname` varchar(45) NOT NULL,
  `category` varchar(45) NOT NULL,
  `recipenum` int(11) NOT NULL,
  `difficulty` int(11) NOT NULL,
  `image` varchar(300) NOT NULL,
  `recipeexistence` char(1) NOT NULL,
  `uploaduser` varchar(45) NOT NULL,
  PRIMARY KEY (`menunum`)
) ENGINE=InnoDB AUTO_INCREMENT=50 DEFAULT CHARSET=utf8mb4 COLLATE=utf8mb4_0900_ai_ci;
/*!40101 SET character_set_client = @saved_cs_client */;

--
-- Dumping data for table `menu`
--

LOCK TABLES `menu` WRITE;
/*!40000 ALTER TABLE `menu` DISABLE KEYS */;
INSERT INTO `menu` VALUES (1,'새우두부계란찜','한식',3,2,'/images/uploads/menu/8ae9a7c0801fe457706920affa02f8c1','O','admin'),(2,'우렁된장소스배추롤','일식',6,3,'/images/uploads/menu/57fa9491f5db7b77586562af286d686a','O','kwen'),(3,'인삼떡갈비','한식',6,3,'/images/uploads/menu/c21b581884e488756d963de5fb75ebdb','O','admin'),(4,'황태미역곤약국','한식',6,2,'/images/uploads/menu/6bb1ab234738d92ea7735010d2328890','O','admin'),(5,'훈제오리가슴살 샐러드','양식',6,1,'/images/uploads/menu/20f7aa5cd5c90b5cf93ebfa4a65bb867','O','admin'),(6,'검은콩국수','중식',6,2,'/images/uploads/menu/7171e3bac0b87e15b3daba8c9f1fef49','O','kkk'),(7,'닭고기김치찌개','한식',5,1,'/images/uploads/menu/cb140f33b0162334d3c90934a05e9330','O','admin'),(8,'완자김치찌개','중식',6,1,'/images/uploads/menu/855572cc3496f278214caa2db19fb6ca','O','admin'),(9,'나가사키부대찌개','일식',6,2,'/images/uploads/menu/c4ec7aed8bf12b191245e7a052059591','O','admin'),(10,'토마토스프파스타','양식',6,3,'/images/uploads/menu/c23a5db72433c0bdff3ebaa37509ca62','O','kwen'),(11,'삼겹살꼬치구이','중식',5,1,'/images/uploads/menu/f9ca755646dc05495a09c3d76df458fd','O','admin'),(12,'호박죽','한식',6,1,'/images/uploads/menu/ff256785894ceea56f7bb8fc143b46f6','O','admin'),(13,'삼겹살라면','일식',5,1,'/images/uploads/menu/dbf8eee2467e0801b5fc2ebb0030e456','O','kkk'),(15,'표고버섯감자찜','한식',6,3,'/images/uploads/menu/ceb8fad30636bc01eab4f449586465ad','O','admin'),(17,'아몬드치킨볼','양식',6,2,'/images/uploads/menu/35aa06f77100e91dd745b8192877513d','O','admin'),(18,'양배추롤','일식',6,3,'/images/uploads/menu/942db2114c6d96809805866b7fc68f53','O','admin'),(19,'생선베이컨말이','양식',5,3,'/images/uploads/menu/1ebbda17b7045ccbc966b50a55947005','O','admin'),(20,'콩고기샐러드','양식',5,2,'/images/uploads/menu/70b0c6a52cbe4c15a27a321f73756c63','O','admin'),(21,'퀴노아닭가슴살샐러드','양식',6,1,'/images/uploads/menu/99755fb1b133524145cd71837f85ee83','O','admin'),(23,'닭갈비볶음면','중식',6,1,'/images/uploads/menu/4ffddf805a0da11502a1ff0fdc0a065e','O','admin'),(24,'오색볶음면','일식',5,2,'/images/uploads/menu/58c6aee3baa39bbac361f7739294778c','O','admin'),(25,'로제소스라면','일식',6,2,'/images/uploads/menu/30d4fca0933afc53d4eab18c029a0e03','O','admin'),(26,'주꾸미머리순대','중식',6,3,'/images/uploads/menu/a396c8893c3fbe3949bbd79b3116df8c','O','admin'),(27,'조기까스','한식',6,3,'/images/uploads/menu/bd83d88bce67e6eb223e0b80d15113e8','O','admin'),(28,'파인애플볶음밥','중식',5,1,'/images/uploads/menu/84b637eaed41724bb2d6c48788163fc8','O','admin'),(30,'누룽지새우튀김','한식',6,3,'/images/uploads/menu/bb7084aebe76b7755d459e27b9278069','O','admin'),(31,'삼겹가지볶음','한식',6,2,'/images/uploads/menu/76065ebf9cd1c459a442ef07445f5448','O','admin'),(32,'미니버섯탕수','중식',6,2,'/images/uploads/menu/3e10f10542064025987bb0fb6c9fabdd','O','admin'),(33,'연어오븐구이','양식',6,2,'/images/uploads/menu/df165afb046735b182ca71e63390196a','O','admin'),(34,'와사비 연어초밥','일식',6,3,'/images/uploads/menu/093ffe743df751ac337beeafea63f24c','O','admin'),(35,'버섯곤드레밥','한식',6,2,'/images/uploads/menu/5ec9a09e87afecb44ee7d00bae2251f2','O','admin'),(36,'달콤스테이크','양식',6,1,'/images/uploads/menu/0c94053267e4892113bf433d2f24ea26','O','admin'),(37,'삼색샌드위치','양식',6,1,'/images/uploads/menu/e6a3e48c7e9d901fff7168c155172931','O','admin'),(38,'밥핫도그','양식',6,2,'/images/uploads/menu/eb03c6e975553acb59bed5055cb5484f','O','admin'),(40,'닭고기또띠아','양식',6,2,'/images/uploads/menu/6a0fd9645285808608eeb3206b4a5145','O','admin'),(41,'닭가슴살리조또','양식',6,2,'/images/uploads/menu/32138242b6b5d1447c4d2b190071bc9b','O','admin'),(42,'두부달걀덮밥','일식',6,1,'/images/uploads/menu/102e9dd18c4efbb9846c0e43d03af2b4','O','admin'),(43,'차돌박이구이','한식',6,1,'/images/uploads/menu/8aee1c6ab6786d2ef55095ad45d15e78','O','admin'),(44,'견과류통삼겹살찜','한식',6,3,'/images/uploads/menu/c7c164ebc88a7aee8405a0cdd654a737','O','admin'),(45,'닭가슴살말이','일식',6,2,'/images/uploads/menu/d3d8fec28d1645999fc1ef9cbe0082a4','O','admin'),(46,'불고기덮밥','한식',6,3,'/images/uploads/menu/a6c4a5c81bea8f2a07f481068c0dfff5','O','admin'),(47,'전복해물찜','중식',6,3,'/images/uploads/menu/3764e8323e3d8643c4aa4ddf690b55d4','O','admin'),(48,'깐풍파스타','양식',6,3,'/images/uploads/menu/fdce6644d6a5af1594522c202a38e554','O','admin'),(49,'소고기꼬치구이','중식',6,2,'/images/uploads/menu/d04b04a8e47599f286e3fa3834d5cf2a','O','admin');
/*!40000 ALTER TABLE `menu` ENABLE KEYS */;
UNLOCK TABLES;

--
-- Table structure for table `recipe`
--

DROP TABLE IF EXISTS `recipe`;
/*!40101 SET @saved_cs_client     = @@character_set_client */;
/*!50503 SET character_set_client = utf8mb4 */;
CREATE TABLE `recipe` (
  `menunum` int(11) NOT NULL,
  `recipeorder1` varchar(300) DEFAULT NULL,
  `orderimage1` varchar(300) DEFAULT NULL,
  `recipeorder2` varchar(300) DEFAULT NULL,
  `orderimage2` varchar(300) DEFAULT NULL,
  `recipeorder3` varchar(300) DEFAULT NULL,
  `orderimage3` varchar(300) DEFAULT NULL,
  `recipeorder4` varchar(300) DEFAULT NULL,
  `orderimage4` varchar(300) DEFAULT NULL,
  `recipeorder5` varchar(300) DEFAULT NULL,
  `orderimage5` varchar(300) DEFAULT NULL,
  `recipeorder6` varchar(300) DEFAULT NULL,
  `orderimage6` varchar(300) DEFAULT NULL,
  `recipeorder7` varchar(300) DEFAULT NULL,
  `orderimage7` varchar(300) DEFAULT NULL,
  `recipeorder8` varchar(300) DEFAULT NULL,
  `orderimage8` varchar(300) DEFAULT NULL,
  `recipeorder9` varchar(300) DEFAULT NULL,
  `orderimage9` varchar(300) DEFAULT NULL,
  `recipeorder10` varchar(300) DEFAULT NULL,
  `orderimage10` varchar(300) DEFAULT NULL,
  `meterial` varchar(300) DEFAULT NULL,
  PRIMARY KEY (`menunum`),
  CONSTRAINT `FK_recipe_menunum_menu_menunum` FOREIGN KEY (`menunum`) REFERENCES `menu` (`menunum`) ON DELETE RESTRICT ON UPDATE RESTRICT
) ENGINE=InnoDB DEFAULT CHARSET=utf8mb4 COLLATE=utf8mb4_0900_ai_ci;
/*!40101 SET character_set_client = @saved_cs_client */;

--
-- Dumping data for table `recipe`
--

LOCK TABLES `recipe` WRITE;
/*!40000 ALTER TABLE `recipe` DISABLE KEYS */;
INSERT INTO `recipe` VALUES (1,'1. 손질된 새우를 끓는 물에 데쳐 건진다.','/images/uploads/recipes/5d05d11c1ca351d8bf359452cc08aae9','2. 연두부, 달걀, 생크림, 설탕에 녹인 무염버터를 믹서에 넣고 간 뒤 새우(1)를 함께 섞어 그릇에 담는다.','/images/uploads/recipes/04cdba5076e6ba9545cfb1f68fccfac5','3. 시금치를 잘게 다져 혼합물 그릇(2)에 뿌리고 찜기에 넣고 중간 불에서 10분 정도 찐다.','/images/uploads/recipes/cb1a1404fc7334394cf346fc49804d8d',NULL,NULL,NULL,NULL,NULL,NULL,NULL,NULL,NULL,NULL,NULL,NULL,NULL,NULL,'연두부 75g(3/4모), 칵테일새우 20g(5마리), 달걀 30g(1/2개), 생크림 13g(1큰술), 설탕 5g(1작은술), 무염버터 5g(1작은술) 고명 시금치 10g(3줄기)'),(2,'1. 끓는 물에 배춧잎을 데친다.','/images/uploads/recipes/b5a32f634ab6af4a210b4772ac1891e3','2. 당근, 호박, 표고버섯, 양파는 입자있게 다진다.','/images/uploads/recipes/0ba68ef489feabe94e350cac283d6822','3. 돼지고기를 썰어 불린 쌀, 다진 야채와 함께 밥을 짓는다.	','/images/uploads/recipes/375cb9a4bd9bd75ef0dd25ed728b7f21','4. 데친 배춧잎에 지어놓은 밥을 올려 돌돌만다.','/images/uploads/recipes/4769f4d2f759ee27653201a6a73aebd4','5. 말아 놓은 배춧잎을 부추로 묶는다.','/images/uploads/recipes/0caf5f37424d0202a822746af49cdedb','6. 찜통에 김이 오르면 ?번을 넣고 약 5분 정도 찐다.','/images/uploads/recipes/a2bbfcdb46f2a6775e0814b58a0bfc24',NULL,NULL,NULL,NULL,NULL,NULL,NULL,NULL,'돼지고기(50g), 배춧잎(5장), 부추(30g), 쌀(100g), 당근(20g), 표고버섯(2개), 양파(50g), 애호박(1/2개), 우렁이(100g), 된장(30g)'),(3,'1. 대추는 돌려 깍아 씨를 제거 하고 곱게 다진다.','/images/uploads/recipes/7b7e0dbbe851e8629c1bbded054adde6','2. 다진 소고기와 돼지고기에 대추와 소금 후춧가루를 넣고 치댄다.','/images/uploads/recipes/a3ed612341a933fcbab8e10f319273c7','3. 애호박과 단호박, 파프리카는 입자있게 썬다.','/images/uploads/recipes/6fb17ae9fed0d977263fc57ebac55465','4. 양송이는 편으로 썰어 팬에 익히고, 인삼의 뇌두를 자르고 깨끗이 씻어 팬에 볶아 잘게 썰어 넣는다.','/images/uploads/recipes/cddc8289064f9af0ffb5a5cf996597ed','5. 재료가 골고루 섞인 떡갈비를 갈비 모양으로 만든다.','/images/uploads/recipes/494d9b50e5d9b54c50adb436333cb822','6. 떡갈비를 팬에 굽고, 접시에 배춧잎을 깔고 익힌 양송이를 올리고 떡갈비를 담는다.','/images/uploads/recipes/43fb0092e1ce1a4a33a79e5005794d68',NULL,NULL,NULL,NULL,NULL,NULL,NULL,NULL,'소고기(100g), 돼지고기(100g), 대추(3알), 양파(30g), 마늘(20g), 배(1/4개), 애호박(1/2개), 단호박(1/4개), 파프리카(50g), 인삼(1뿌리), 양송이(5개), 배추잎(5장), 저염간장(20g), 설탕(20g), 소금(0.2g), 후춧가루(0.01g) 두부(50g)'),(4,'1. 된장에 두부를 넣고 골고루 섞는다.	','/images/uploads/recipes/250a2fff165ce33e93bb78922fdc5e9c','2. 표고버섯과 마늘은 함께 갈아둔다.','/images/uploads/recipes/f2c4e0028ad4d90f520630a641fa580d','3. 미역은 충분히 불린다.','/images/uploads/recipes/e8df904f68e9ec44fded292d56edbbcd','4. 냄비에 황태채와 갈아둔 표고버섯, 마늘을 넣고 은근히 끓여 육수를 만든다.','/images/uploads/recipes/3da8bb9790a8eb52b76eb2ca58be59c5','5. 곤약은 납작납작하게 썰어 끓는 물에 데친다.','/images/uploads/recipes/52b98a95b7a3ee55e440e7ccb9a8f31b','6. 육수에서 황태를 건져 두부된장과 함께 갈아 육수에 붓고, 미역, 곤약, 들깨가루를 넣고 약 20분 정도 끓인 후 액젓으로 간을 한다.	','/images/uploads/recipes/01e0ccc157f93e4d958301179c8cc5d9',NULL,NULL,NULL,NULL,NULL,NULL,NULL,NULL,'황태채(100g), 곤약(100g), 건미역(20g), 들깨가루(20g), 두부(50g), 된장(10g), 액젓(10g), 표고버섯(1개), 마늘(10g), 참기름(5g)'),(5,'1. 훈제오리 가슴살을 슬라이스한다.','/images/uploads/recipes/ea40215d8daa61baec68bbf86868da7e','2. 슬라이스한 훈제오리는 팬에 굽는다.','/images/uploads/recipes/602185fde5746118746a7805a8301700','3. 양파는 채썰고 찬물에 담근 뒤 건진다.','/images/uploads/recipes/a2621b38f454d8271b9ec017833a38fd','4. 레디쉬는 채썰고 찬물에 담근 뒤 건진다.','/images/uploads/recipes/7ade9a71e6807ab8a007aa887f932cd5','5. 먹기 직전에 발사믹소스를 만든다.','/images/uploads/recipes/3c1787f307eaf7b18dc95dda9ef8922b','6. 접시에 훈제오리와 양파채, 레디쉬, 블루베리를 담고 발사믹소스를 올린다.','/images/uploads/recipes/d6cdd101f570b39bf90a27584023fc9b',NULL,NULL,NULL,NULL,NULL,NULL,NULL,NULL,'오리고기(훈제오리 가슴살, 150g), 발사믹소스(50g), 양파(30g), 파슬리(5g), 블루베리(20g), 레디쉬(1개)'),(6,'1. 검은콩은 깨끗이 씻어 약 12시간 정도 충분히 불린다.','/images/uploads/recipes/25adf578087025a560583e665a9d4241','2. 불린 검은콩은 20분 정도 삶아 깨끗이 씻는다.','/images/uploads/recipes/51cf4d1f26b0ae642f1a9d04e054ac4c','3. 삶은 검은콩은 믹서기에 곱게 갈아 차갑게 식힌다.','/images/uploads/recipes/b456b9fa657191b299a49e555ad9014e','4. 오이는 씨를 제거하고 깨끗이 씻어 채썬다.','/images/uploads/recipes/01260dc9a61d52e53e7561c81ca32091','5. 물을 끓여 메밀면을 삶고, 찬물에 여러번 헹구어 건져 물기를 뺀다.','/images/uploads/recipes/bb7b146f19854f8d80f19a8dc6d7c204','6. 메밀면을 그릇에 담고 차가운 콩 국물, 땅콩, 잣, 오이, 방울토마토 및 통깨를 올린다.','/images/uploads/recipes/65b66b8010e66f7d2c716adb387f22ce',NULL,NULL,NULL,NULL,NULL,NULL,NULL,NULL,'검은콩(200g), 메밀면(120g), 오이(30g), 방울토마토(1개), 땅콩(20g), 잣(10g), 참깨(5g)'),(7,'1. 육수 재료를 넣고 중간 불로 끓인 뒤 체에 걸러 육수를 만든다.	','/images/uploads/recipes/300a2f3b19db5dc3ec2d276de976f385','2. 닭가슴살은 채 썬 뒤 물에 넣고 삶는다.	','/images/uploads/recipes/61754235df930dd8d6fbad59240f0471','3. 애호박은 반달 썰고, 미나리는 5㎝ 길이로 썰고, 청양고추는 잘게 썬 뒤 찬물에 담가 씨를 빼고, 두부는 한입 크기로 썰어 물에 담가둔다.	','/images/uploads/recipes/e5890f7dd48b446c59c0aeb60f38d418','4. 김치를 한입 크기로 썬 뒤 참기름에 볶다가 육수를 붓는다.','/images/uploads/recipes/66d0e4ed78274b11d8db9184397a9207','5. 두부, 애호박, 느타리버섯, 미나리, 닭가슴살을 넣어 끓어오르면 달걀물과 청양고추를 넣고 조금 더 끓여 마무리한다.','/images/uploads/recipes/58fb97e00927049d697b9893f8fe9041',NULL,NULL,NULL,NULL,NULL,NULL,NULL,NULL,NULL,NULL,'닭가슴살(60g), 애호박(30g), 미나리(20g), 청양고추(3g), 두부(60g) 김치(120g), 참기름(20g), 느타리버섯(10g), 달걀(50g) 육수 다시마(5g), 무(40g), 대파(5g), 양파(10g), 마른 고추(3g), 멸치(10g) 마늘(10g)'),(8,'1. 대파, 마늘, 쇠고기를 물(300g)과 함께 끓인 뒤 면포에 걸러 육수를 만든다.','/images/uploads/recipes/6e8993a2b2f311dfaac457593e188b2f','2. 콩나물, 김치를 물에 씻어 손질한다.','/images/uploads/recipes/c40340e84d33e483993a27b3ae1bfb04','3. 두부는 물기를 빼고, 붉은 고추는 다진 뒤 돼지고기와 섞어 반죽해 동그랗게 빚어 완자를 만든다.','/images/uploads/recipes/73c37958d13484dd7a63359aa6d0cdf8','4. 김 오른 찜기에 완자를 넣어 찐다.','/images/uploads/recipes/dcbbd48cdd3cae025ba5b70821a4d5d0','5. 육수를 끓이고 끓어오르면 김치, 콩나물, 새우젓을 넣는다.','/images/uploads/recipes/383e9cde9626c1e0bb325f329add2551','6. 한소끔 더 끓이다가 완자를 넣고 조금 더 끓여 마무리한다.','/images/uploads/recipes/afdbad58cde068982e40d31f3b0c1737',NULL,NULL,NULL,NULL,NULL,NULL,NULL,NULL,' 콩나물(30g), 김치(50g) 두부(40g), 붉은 고추(15g) 다진 돼지고기(등심, 60g), 새우젓(5g) 육수 대파(10g), 마늘(5g), 쇠고기(50g)'),(9,'1. 통조림 햄은 한 번 데친 뒤 우유에 담가두고, 실곤약은 식초를 넣은 끓는 물에 살짝 데친다.	','/images/uploads/recipes/829a3b1da1e9e2a5c7a968fb4a86e40b','2. 양파는 굵게 채 썰고, 느타리버섯은 찢고, 표고버섯은 모양대로 썰고, 팽이버섯은 끝부분을 잘라내고, 청양고추와 붉은 고추는 어슷 썬다.	','/images/uploads/recipes/d37c0009dc86b1a0c4a91f1f37682ab8','3. 감자, 무, 두부는 0.5㎝ 두께로 썰고, 애호박은 반달썰기 하고 깻잎은 채 썰어 찬물에 담가 매운맛을 제거한다.	','/images/uploads/recipes/84d7fd2c03975554661c939c3528d793','4. 사골육수에 다시마를 넣어 끓인 후 한 김 식힌다','/images/uploads/recipes/27029b757afb1aad1c223306d7f15ccb','5. 다진 돼지고기에 다진 파, 다진 마늘, 후춧가루, 소금을 섞어 완자를 만들고 밀가루와 달걀물을 묻혀 식용유(5g)를 두른 팬에 부친다.','/images/uploads/recipes/777e327f48d1688535dbca487919cd9c','6. 냄비에 재료를 보기 좋게 담고 사골육수를 부은 뒤 끓이다가 쑥갓과 들깻가루를 넣어 마무리한다.	','/images/uploads/recipes/9ada57c70e3a52f6797ac4bd48b01d0e',NULL,NULL,NULL,NULL,NULL,NULL,NULL,NULL,'통조림 햄(30g), 우유(100g), 실곤약(50g), 양파(30g), 느타리버섯(25g) 표고버섯(10g), 팽이버섯(30g), 청양고추(5g), 붉은 고추(5g), 감자(30g) 무(30g), 두부(40g), 애호박(30g), 깻잎(3g), 쑥갓(10g) 완자 다진 돼지고기(20g), 다진 파(5g), 다진 마늘(5g), 후춧가루(1g) 소금(1g), 밀가루(10g), 달걀노른자(20g) 육수 사골'),(10,'1. 토마토홀과 토마토는 송송 다져주고, 마늘, 양파를 냄비에서 볶은 후 믹서에 갈아 토마토 스프를 만들어준다.','/images/uploads/recipes/df15ac81d757b609a6a96d3431d71c4c','2. 만들어진 스프를 볶아서 신맛을 날려준다.','/images/uploads/recipes/b19fd336e6718c0c0e92dfd611c04261','3. 먹물파스타면은 삶은 뒤 오일에 버무려주고 볶아준다.	','/images/uploads/recipes/42f9b65e2319865874ed437d62d5a054','4. 양파, 애호박, 가지, 2가지색 파프리카를 먹기 좋게 잘라 팬에 볶아준다.','/images/uploads/recipes/d2e7fbd5d7cba47f4fa9f0b8ddf7a509','5. 접시에 볶아진 채소와 파스타면을 서로 다시 볶아준다.','/images/uploads/recipes/670e282de528fcdf49fbebf1fb19113b','6. 치즈를 곱게 다져주고 접시에 파스타면을 올린 뒤, 토마토스프와 치즈가루를 뿌려 완성 한다.','/images/uploads/recipes/101d9dfe25e600c071757ad85445d1a3',NULL,NULL,NULL,NULL,NULL,NULL,NULL,NULL,'홀토마토 200g, 토마토 100g, 다진양파 30g, 다진마늘 20g, 먹물파스타 25g, 치즈 25g 파슬리가루 1g, 함초소금 1g, 올리브오일 30g 곁들이 야채 : 양파 20g, 가지 20g, 2가지색 파프리카 20g, 애호박 20g	'),(11,'1. 삼겹살은 길이로 잘라서 마늘기름, 통후추, 로즈마리에 마리네이드 해준다.','/images/uploads/recipes/030a5d358e0a751b081676779c68b8b3','2. 대파는 흰 부분만 잘라 구워주고, 꽈리고추도 함께 구워준다.','/images/uploads/recipes/ebe21639057e2c4a7cd0ebc3240c7d56','3. 대파는 가늘게 채 썰어 물에 담가준다.','/images/uploads/recipes/138aeb51ab8f5ba99a85eeaca34ba73e','4. 물에 담가진 대파를 물기를 빼고 양념해준다.','/images/uploads/recipes/29a35efd938a1b178d5f5f11133f4d2e','5. 삼겹살을 꼬치에 끼워 굽고 구워진 채소, 대파채와 함께 완성한다.','/images/uploads/recipes/31d21f24ba4647f89d52018c14e0c512',NULL,NULL,NULL,NULL,NULL,NULL,NULL,NULL,NULL,NULL,'삼겹살 200g, 방울토마토 100g, 마늘기름 15g, 후추 1g, 로즈마리 1g, 통후추 2g 대파 20g, 마늘 10g, 꽈리고추 25g 대파채 : 대파 25g, 고춧가루 1g, '),(12,'1. 단호박은 껍질을 까고 작게 잘라주고, 양파도 작게 잘라준다.','/images/uploads/recipes/d8749b5b7c9c54406170d8bc81b7edbb','2. 브로콜리는 뜨거운 물에 데쳐내 준 후 송송 잘라준다.','/images/uploads/recipes/8f3fa8827144d276d838b9c4e2cdd953','3. 찹쌀가루는 물 100g에 풀어준다.','/images/uploads/recipes/328966a10e824f230cb03148a0b9f6d2','4. 단호박과 양파는 물 300g에 삶아준다.','/images/uploads/recipes/a3f7a39237ef14fe240c8e477646ef14','5. 단호박과 양파가 익으면 믹서에 갈아서 다시 끓여준 뒤 찹쌀가루물을 넣어 끓여준다.','/images/uploads/recipes/9f2b47658dc58bb0dd496003e8348682','6. 호박죽이 끓어오르면 치즈가루를 넣어준 후 볶은 현미랑 완성한다.','/images/uploads/recipes/5d21abcbf9849858fbe9953123411ba3',NULL,NULL,NULL,NULL,NULL,NULL,NULL,NULL,'단호박 200g, 찹쌀가루 100g, 브로콜리 50g, 양파 60g, 볶은 현미 25g 버섯마늘소금 2g, 흰후추 1g, 치즈가루 15g'),(13,'1. 돼지고기를 차가운 물로 헹구고 냄비에 물(300g), 대파, 생강과 같이 넣고 끓여 돼지고기가 익으면 면포에 거른다.	','/images/uploads/recipes/9aeea08ddba6c3c9f7dc63d53c8c7050','2. 냄비에 물(300g)을 넣어 끓으면 가다랑어포를 넣고 1분간 끓이고 불을 꺼 가다랑어포가 가라앉으면 면포에 거른다','/images/uploads/recipes/8edf5b76eac099ad6397238e8f5a5224','3. 돼지고기 육수와 가다랑어포 육수를 섞은 뒤 200g을 따로 덜어 조림양념을 넣고 끓이다가 돼지고기를 넣고 조린다.	','/images/uploads/recipes/02d426c77f1fb85c3f3f9299bc4cb565','4. 라면은 삶아 찬물에 헹궈 건지고, 쪽파는 송송 썬다.','/images/uploads/recipes/ccb126d8ce70e1950b45979975544121','5. 육수를 뜨겁게 끓인 뒤 그릇에 라면사리와 함께 담고, 돼지고기조림, 쪽파를 올리고 팬에 남은 조림 소스를 끼얹어 마무리한다','/images/uploads/recipes/808d470636e3344abdac7a9896db69cf',NULL,NULL,NULL,NULL,NULL,NULL,NULL,NULL,NULL,NULL,'라면(100g), 쪽파(3g) 육수 돼지고기(삼겹살, 60g), 대파(20g), 얇게 썬 생강(5g), 가다랑어포(3g) 조림양념 저염간장(3g), 맛술(8g), 흑설탕(3g)'),(15,'1. 표고버섯은 따뜻한 물에 불린다.','/images/uploads/recipes/757ebcf19a1c7db247b0d76398af7c29','2. 감자는 강판에 간다.','/images/uploads/recipes/8e9e63ed62e50bcc44fcb0b39a4c8749','3. 고수는 잘게 다진다.','/images/uploads/recipes/b66c8d92cde391e50fb554ceaeaa2764','4. 당근은 곱게 다지고, 양파와 홍고추도 다진다.','/images/uploads/recipes/f11378ce036d321ef2217297d2b0d4a9','5. 감자에 다진 당근과 양파, 홍고추를 섞는다.','/images/uploads/recipes/19852d0eec8f106ac68ae90dd650a7c2','6. 불린 표고버섯은 기둥을 자르고 바닥에 녹말가루를 묻혀 ?번을 넣고 김이 오른 찜통에 약 10분 정도 찐다.','/images/uploads/recipes/735552031becf1a3136f1d4090b69c6b',NULL,NULL,NULL,NULL,NULL,NULL,NULL,NULL,'표고버섯(3개), 감자(200g), 고수(10g), 당근(30g), 양파(30g), 홍고추(1개), 녹말(20g)'),(17,'1. 냄비에 육수 재료와 물(400g)을 넣고 푹 끓인다.','/images/uploads/recipes/03ef859f99b7e0efbb268c32e1e8e89e','2. 양송이버섯을 잘게 다진 뒤 버터에 살짝 볶아 건져 한김 식힌 뒤 닭다리살과 닭가슴살, 아몬드를 다져 볶은 양송이버섯과 섞어 동그랗게 빚어 밀가루옷을 입힌다.','/images/uploads/recipes/9c81ce5b555294f5499c95fe95363ed1','3. 식용유(15g)를 두른 팬에서 겉을 노릇하게 굽는다.	','/images/uploads/recipes/0eccbf863987f062e4df6262d5ede954','4. 육수(150g), 우유, 들깻가루를 끓여 소스를 만든 뒤 아몬드 치킨볼과 브로콜리를 넣고 졸인다.','/images/uploads/recipes/3e81f60ade17c6d140edfab7112377e7','5. 마늘은 편 썰어 낮은 온도의 식용유에서 바삭하게 튀긴다.','/images/uploads/recipes/d50608786955fbd4e91d552a91179207','6. 접시에 아몬드치킨볼을 담고 튀긴 마늘을 얹어 마무리한다.','/images/uploads/recipes/c541bebf0be6584aa034738eeb8191b2',NULL,NULL,NULL,NULL,NULL,NULL,NULL,NULL,' 양송이버섯(5g), 버터(10g), 닭다리살(30g), 닭가슴살(50g), 아몬드(5g) 밀가루(10g), 우유(50g), 들깻가루(30g), 브로콜리(15g), 마늘(10g) 육수 닭뼈(90g), 양파(10g), 양송이버섯 밑동(5g), 마늘(5g)'),(18,'1. 현미와 쌀을 씻어 30분간 불린 뒤 물기를 빼고, 다시마를 우려낸 물(불린 쌀 동량)로 밥을 지어 식힌 후 새우가루를 넣어 섞는다.','/images/uploads/recipes/304e3fe8c5df3c57e8136b4be9ab9ac0','2. 양배추는 15~20분 정도 쪄서 준비한다.','/images/uploads/recipes/48a0793b8664262ff600c1b53646d665','3. 얇게 저민 쇠고기를 팬에 올려 익힌다.','/images/uploads/recipes/e4dfe50598176a04eb726f3290433e79','4. 달래는 0.5㎝ 정도로 송송 썰어 간장, 참기름에 버무린다.','/images/uploads/recipes/12cb93ee85dcbaecf488aa0e7855c719','5. 김발에 양배추, 고기, 밥 순서대로 올려 돌돌 말아 양배추롤을 만든다.	','/images/uploads/recipes/5493109aaf939d4314f25381f2934ab9','6. 롤을 한입 크기로 썰어 담고 달래 무침을 얹은 뒤 송송 썬 붉은 고추를 올려 마무리한다.','/images/uploads/recipes/8784d45db088baa56f3fd1a3b8fe543a',NULL,NULL,NULL,NULL,NULL,NULL,NULL,NULL,'현미(50g), 멥쌀(50g), 다시마(2g), 새우가루(15g), 양배추(50g) 얇게 썬 쇠고기(부채살, 80g), 송송 썬 붉은 고추(5g) 달래무침 달래(10g), 간장(10g), 참기름(5g)'),(19,'1. 피망, 파프리카는 5㎝ 길이로 채 썰고, 시금치는 갈아둔다.	','/images/uploads/recipes/e56764ff4c965af1a4bd4c06619230a1','2. 베이컨 위에 동태포를 올리고 그 위에 피망과 파프리카를 올려 돌돌 만다.','/images/uploads/recipes/4c0d998e651ec2778fa6f67c93e881e1','3. 저염버터에 생크림을 넣어서 농도를 맞춘 후 갈아놓은 시금치를 넣어 시금치소스를 만든다.','/images/uploads/recipes/5833070a6d3df5a778e5ae92a0dd0cc2','4. 달군 팬에 흰살생선베이컨말이를 올려 완전히 익힌다.	','/images/uploads/recipes/c1b3ff06745145341fcbb26074098f76','5. 접시에 담아 시금치소스를 곁들인 뒤 새싹채소로 장식하여 마무리한다.	','/images/uploads/recipes/9384552084443df4e9db29e9d277cad2',NULL,NULL,NULL,NULL,NULL,NULL,NULL,NULL,NULL,NULL,' 피망(5g), 파프리카(10g), 시금치(15g), 저염베이컨(60g) 동태포(30g), 저염버터(10g), 생크림(10g), 새싹채소(0.1g)'),(20,'1. 콩고기를 15분~20분 정도 물에 불려 물기를 완전히 제거한 뒤 저염간장양념으로 버무려 볶는다.','/images/uploads/recipes/cbdbc3869d412a882ef5c156ce52389d','2. 아보카도, 바나나, 가지, 연근은 깍둑 썰고, 방울토마토는 반을 가른다.','/images/uploads/recipes/de8bd958bbdd3fbb7ffbce7648b4070f','3. 팬에 식용유(5g)를 둘러가며 방울토마토, 가지, 연근을 각각 볶아 건진다.	','/images/uploads/recipes/5bb5ddd1b352770a1c2d781ca50f01af','4. 만두피를 작은 체에 넣고 바구니 모양으로 만들어 튀긴다.','/images/uploads/recipes/2c7b7f14aad979c9b521de5df8f7d720','5. 콩고기와 아보카도, 바나나, 방울토마토, 가지, 연근을 튀긴 만두피에 담은 뒤 허브오일드레싱을 곁들여 마무리한다','/images/uploads/recipes/2d2120dcf450b77821c9cdc9fb049a86',NULL,NULL,NULL,NULL,NULL,NULL,NULL,NULL,NULL,NULL,'돼지고기(30g), 아보카도(10g), 바나나(10g), 가지(10g) 연근(10g), 방울토마토(10g), 만두피(20g) 저염간장양념 저염간장(2.5g), 물(25g), 설탕(3g) 허브오일드레싱 저염소금(1g), 식초(5g), 로즈마리(1g), 통후추(1g) 올리브유(15g), 꿀(5g)'),(21,'1. 수박껍질은 흰 부분만 사용해 작게 깍둑 썰고, 토마토는 껍질을 벗겨 속씨를 제거해 작게 깍둑썬다.	','/images/uploads/recipes/cd43c3f79f5abba451dd2b5acfd1770f','2. 닭가슴살은 수비드해 익힌 뒤 한입 크기로 썬다','/images/uploads/recipes/ef66de5050ecd54862ff6c93030f6b69','3. 감자, 가지, 양파, 피망, 아스파라거스는 깍둑 썬 뒤 닭가슴살과 함께 볶는다.','/images/uploads/recipes/7d70ca55628a938051aead58a1d9ff0f','4. 팬에 복분자를 넣고 살짝 졸인 뒤 레몬즙을 섞어 복분자소스를 만든다.','/images/uploads/recipes/048aa4c1736922d8c8b53d426adabed4','5. 접시에 퀴노아를 두른 후 닭가슴살과 감자, 가지, 양파, 피망, 아스파라거스를 올리면서 중간 중간에 토마토와 수박, 리코타치즈를 넣는다.	','/images/uploads/recipes/54d2a1939bcc1db77aa9a482d447e191','6. 맨 위에 퀴노아를 살짝 올려주고 양상추, 플레인 요구르트, 어린잎채소를 얹어 마무리한다.','/images/uploads/recipes/e287456f19be09617f84ff6dd9bd17d1',NULL,NULL,NULL,NULL,NULL,NULL,NULL,NULL,'수박껍질(17g), 토마토(17g), 닭가슴살(80g), 감자(27g), 가지(17g) 양파(17g), 피망(34g), 아스파라거스(30g), 퀴노아(8g), 리코타치즈(5g) 양상추(9g), 플레인 요구르트(25g), 어린잎채소(1g) 복분자소스 복분자(50g), 레몬즙(10g)'),(23,'1. 마늘 5g은 다지고, 나머지 마늘(15g)은 편 썰어 노릇하게 튀긴다.','/images/uploads/recipes/e5146048e610d8953f54af7c358a43f9','2. 깻잎은 채 썰고, 쪽파는 송송 썰고, 파프리카는 주사위 모양으로 썰고, 양파와 대파는 채 썰고, 방울토마토는 반을 갈라 준비한다.','/images/uploads/recipes/0c8030211c3f29d2f3f319ece667cbad','3. 닭가슴살은 어슷하게 납작 썰어 이태리시즈닝에 재운 뒤 팬에 구워 준비한다.','/images/uploads/recipes/6cbc98d3203fe6849940baf0e617d7f7','4. 다진 마늘, 양파, 대파를 팬에 넣고 향을 내다 파프리카와 방울토마토, 양념을 넣고 볶은 뒤 한 김 식혀 믹서에 곱게 갈아 소스를 만든다.','/images/uploads/recipes/23a0224f4a3ad01025bbe58d62c96754','5. 팬에 소스와 구운 닭가슴살을 넣어 볶다가 삶은 라면을 넣고 재빠르게 볶는다.','/images/uploads/recipes/3b93ce779a6d4e8efc35b48ceb327a46','6. 튀긴 마늘과 깻잎, 쪽파를 올려 마무리한다.','/images/uploads/recipes/0d5e85cac6b51cb27c8ff33b0ee11e27',NULL,NULL,NULL,NULL,NULL,NULL,NULL,NULL,'마늘(20g), 깻잎(2g), 쪽파(1g), 파프리카(60g), 양파(40g), 대파(10g) 방울토마토(50g), 닭가슴살(30g), 이태리시즈닝(1g), 라면(110g) 양념 카레가루(2g), 고춧가루(1g), 고추장(10g), 참기름(2g)'),(24,'1. 양파와 청경채, 파프라카는 채 썰고, 쪽파는 송송 썬다.','/images/uploads/recipes/3b4b05a835268cf5a2b2f56d38ac0267','2. 라면은 삶아서 체에 밭쳐 물기를 제거한다.','/images/uploads/recipes/41cbbe3b877ba066f49459277b1d9d8c','3. 팬에 식용유(5g)를 두르고 다진 마늘을 볶아 향을 낸 뒤 돼지고기를 볶는다.','/images/uploads/recipes/15295c71e1f24b33bed17379a7021235','4. 채 썬 양파와 청경채, 파프리카를 함께 넣고 볶다가 고추기름, 설탕, 두반장, 라면스프로 간을 해 볶는다.','/images/uploads/recipes/39628607d9c04bdd57730c21ff864180','5. 면을 함께 볶은 후 송송 썬 쪽파를 뿌려 마무리한다.','/images/uploads/recipes/585732543b2095b2fa747ebb6ed5af28',NULL,NULL,NULL,NULL,NULL,NULL,NULL,NULL,NULL,NULL,'양파(40g), 청경채(30g), 두 가지 색 파프리카(각 15g씩) 쪽파(15g), 라면(60g), 채 썬 돼지고기(30g) 양념 다진 마늘(7g), 고추기름(5g), 설탕(4g), 두반장(8g), 라면스프(3g)'),(25,'1. 새우, 조개, 홍합은 손질한다.','/images/uploads/recipes/ab06742951b6104f7a96eccf8ccbd50c','2. 버섯은 먹기 좋은 크기로 썰고, 양파는 채 썰고, 토마토는 씨를 제거해 다진다.','/images/uploads/recipes/a71c5c1ef4daea7e7d847a9bdb96d307','3. 라면은 끓는 물에 데친 뒤 체에 밭쳐 물기를 제거한다','/images/uploads/recipes/b48f7bcd4e0ee401014b52f843f2d2e4','4. 냄비에 식용유(10g)를 두른 뒤 새우와 조개, 홍합을 넣어 살짝 볶아 건진다','/images/uploads/recipes/e6bc1cf660081eae91f1967a7201c9d0','5. 같은 냄비에 토마토, 우유, 생크림을 넣은 뒤 월계수잎과 정향을 넣고 끓인다','/images/uploads/recipes/8519af575202a887a5f41a638a0e30a8','6. 끓으면 데친 라면, 새송이버섯, 홍합, 새우, 조개, 양파를 넣고 끓여 다 익으면 파르메산 치즈가루를 뿌린 후 그 위에 파슬리가루를 뿌려 마무리한다.','/images/uploads/recipes/740eb5ac9eb87291e1297136909fa4e9',NULL,NULL,NULL,NULL,NULL,NULL,NULL,NULL,'새우(10g), 조개(20g), 홍합(20g), 새송이버섯(15g), 양파(8g) 토마토(100g), 라면(50g), 우유(200g), 생크림(100g), 월계수잎(5g) 정향(5g), 파르메산 치즈가루(5g), 파슬리가루(8g)'),(26,'1. 주꾸미를 몸과 다리를 분리 후 잘 씻어준다.','/images/uploads/recipes/cc6d798a5638b2c9036ee6d186394626','2. 주꾸미 다리, 미나리, 양파, 당근을 다져준다.','/images/uploads/recipes/1631ca0fc8246a79db553164c5af6ab1','3. 다진 채소를 계란, 다진마늘, 생강청에 양념 한다','/images/uploads/recipes/9bef25875755e134c2d0ffe64c62dc46','4. 양념한 3을 주꾸미 머리 속에 넣어주고 이쑤시개로 꽂아준다.','/images/uploads/recipes/9df292c97b7fcfbe4caf9cf4fb8f96e8','5. 찜기에 찐다. 찔 때 레몬즙을 뿌리면 더욱 탱탱하다.','/images/uploads/recipes/01254a404fe32e83d58a1d81bd8e962c','6. 소스를 만든 뒤 주꾸미를 함께 완성한다.','/images/uploads/recipes/af29bc86ffe4cc6cf221f014cb410c78',NULL,NULL,NULL,NULL,NULL,NULL,NULL,NULL,'주꾸미 200g, 미나리 20g, 양파 25g, 당근 20g, 계란 60g 다진마늘 15g, 생강청 15g, 레몬즙 10g 소스 : 고추장 15g, 레몬즙 10g, 생강청 10g, 통깨 3g'),(27,'1. 다진마늘을 버터에 충분히 볶아준다.','/images/uploads/recipes/b4a7e69281fb1b2b0d6f40501bb0d19b','2. 화이트와인을 뿌려주고 소스재료로 소스를 만들어준다','/images/uploads/recipes/ba257b537e7ad8ace92b73b7d17aaf59','3. 찜기에 살짝 져 준다. 이때 80% 정도까지만 익혀준다.','/images/uploads/recipes/69a814f9c314b80fc74b4c58e8ffecd8','4. 쪄준 조기는 와인과 후추로 밑간을 해준 후 전분을 발라준다.','/images/uploads/recipes/9cf9f4df2b89ea70ab18b037a28000de','5. 전분를 바른 조기에 허브크러스트를 두툼하게 올려준다.','/images/uploads/recipes/3e1e3a20e79998eea6350e571ca3c35a','6. 팬에 기름을 두르고 조기를 한쪽부터 구운 뒤, 뒤집어서 다시 구워주고 소스를 뿌려 완성한다.','/images/uploads/recipes/ecaeb6fcbe90baecf206bac3ecc664ad',NULL,NULL,NULL,NULL,NULL,NULL,NULL,NULL,'조기 1마리(250g), 허브크러스트 100g, 흰 후추 1g, 화이트와인 15g, 마늘오일 15g, 전분 15g 소스 : 고추장 15g, 저염간장 15g, 화이트와인 15g, 버터 5g 다진양파 15g, 흰후추 1g, 마늘오일 15g'),(28,'1. 양파, 2가지색 파프리카, 청고추는 작은 깍두기 모양으로 잘라준다.','/images/uploads/recipes/08cfc8e71eafb554cecf712e6ea3e848','2. 파인애플도 먹기 좋게 썰어준 뒤 레몬소금을 살짝 뿌려준다.','/images/uploads/recipes/d7bf8a342e080ea40c1f851f7121cbdf','3. 계란은 풀어서 팬에 스크램블을 만들어준다.','/images/uploads/recipes/23eb06a1ab829a48d67a21ddcb96e3ad','4. 마늘을 다진 후 마늘기름으로 칵테일 새우를 볶아준다.','/images/uploads/recipes/ffc20b8a697e004e29c2fdcda1436780','5.여기에 밥과 채소를 넣어서 볶아주고 파인애플과 맛간장, 통깨를 넣어서 볶아준다.','/images/uploads/recipes/b3663631b5098ff15913fd636ad0dc24',NULL,NULL,NULL,NULL,NULL,NULL,NULL,NULL,NULL,NULL,'밥 150g, 칵테일새우 50g, 파인애플 통조림 100g, 양파 60g, 청고추 15g 노란파프리카 20g, 빨간파프리카 20g, 마늘 15g, 계란 60g, 마늘기름 30g 흰후추 1g, 레몬소금 1g, 맛간장 15g, 통깨 10g'),(30,'1. 새우는 껍질을 제거하고 소금과 후춧가루를 넣어 밑간을 해놓는다.','/images/uploads/recipes/d84d3f70d644ac993842c7b880928881','2. 어린잎은 찬물에 담그어 놓는다.','/images/uploads/recipes/b3ffe67e551f5e17eea282cc98bce0c5','3. 튀김가루에 달걀을 넣어 잘 섞어 튀김반죽을 만들어 놓는다','/images/uploads/recipes/5d881e5425125b76b3ec0dd70fd8dc25','4. 밑간을 해 놓은 새우를 튀김반죽에 넣어 옷을 입힌다','/images/uploads/recipes/80e430357ab9ef3298b5012d13421ba1','5. 누룽지는 170℃의 온도 튀김 기름에 튀겨내고, 튀김옷 입힌 새우도 튀겨낸다.','/images/uploads/recipes/564bde8cf4729f12e5f81a47e0f4d9d9','6. 냄비에 오렌지주스와 설탕, 식초를 넣어 은근히 졸여 소스를 만들고, 어린잎은 찬물에 건져 물기를 제거하고 접시에 깔고 튀긴 누룽지와 튀긴 새우를 올려 완성한다.','/images/uploads/recipes/fc13d53527dc77360db233772db2a75f',NULL,NULL,NULL,NULL,NULL,NULL,NULL,NULL,'새우(100g), 소금(0.3g), 후춧가루(0.02g) 튀김가루(100g), 달걀(50g), 누룽지(50g), 튀김기름(200g) - 소스 : 오렌지주스(100g), 설탕(10g), 식초(10g) - 곁들임채소 : 어린잎(20g)'),(31,'1. 썰어 놓은 삼겹살에 생갑즙과 정종을 넣고 약 2시간 정도 숙성을 시켜 준비 한다.	','/images/uploads/recipes/9197e877ad19e3fc17c4dde1f2042130','2. 가지는 씨가 적은 것으로 골라 반으로 갈라 어슷썰어 놓는다.','/images/uploads/recipes/ab71dee2772447eb318733f3217eb95b','3. 양파와 깻잎은 채를 썰고, 당근은 직사각형으로 썰고, 대파는 송송 썰고, 느타리는 손으로 찢어 준비한다.	','/images/uploads/recipes/05fb6df332e1086b1e714ec0110ca35b','4. 고춧가루과 다진마늘, 간장, 올리고당, 후춧가루, 설탕을 넣고 골고루 섞어 양념장을 만든다.	','/images/uploads/recipes/7969aa6c3f9a80c95f418668709bc893','5. 숙성시켜 놓은 삼겹살에 만들어 놓은 양념장을 넣고 골고루 무쳐 놓는다.','/images/uploads/recipes/26bcc31df8c363515be0b19433bb7261','6. 팬에 기름을 살짝 둘러 양념한 고기(⑤) 를 먼저 볶은 후 고기가 중간쯤 익으면, 가지(②)와 썰어 놓은 채소(③)를 넣어 볶다가 마지막에 참기름과 잣을 넣고 한 번 더 볶은 후 통깨를 올려 완성한다.	','/images/uploads/recipes/3278a09b3bb37384795ac341fe8b52ce',NULL,NULL,NULL,NULL,NULL,NULL,NULL,NULL,'삼겹살(100g), 생강(5g), 정종(10g), 가지(50g), 양파(20g) 당근(20g), 깻잎(10g), 느타리버섯(20g), 대파(10g) 식용유(5g), 참기름(5g), 잣(10g), 통깨(5g) - 양념장 : 고춧가루(20g), 다진마늘(20g), 저염간장(30g) 올리고당(20g), 후춧가루(0.1g), 설탕(10g)'),(32,'1. 미니버섯을 깨끗이 씻어 소금을 살짝 뿌려 놓는다.','/images/uploads/recipes/9f594d1a5db61ddde12b3345f3b8f82a','2. 녹말가루에 물을 반쯤 넣고, 가만히 가라앉혀 윗물은 따라 버리고, 딱딱한 된녹말을 만들어 놓는다.','/images/uploads/recipes/45cb6bedf858d43db4500f2bf32cf7f9','3. 브로컬리는 끓는 물에 데쳐 작게 썰고, 오이는 반달로 썰고, 당근은 은행잎 모양으로 썰어 준비하고, 파프리카는 속씨를 제거하고, 삼각지게 썰어 준비 한다.	','/images/uploads/recipes/ed6a211a001282710ed1dbe37ebc698e','4. 간장과 홍초, 설탕을 넣어 골고루 섞어 탕수육소스를 만들어 놓는다.','/images/uploads/recipes/6c6217a2a11bfa94cd2ccf95dd5f7f8f','5. 소금을 뿌려 놓은 미니 버섯에 만들어 놓은 된 녹말과 달걀흰자를 넣어 골고 루 섞는다.','/images/uploads/recipes/e7bc0477fa67962e7fc07166e4f07eba','6. 튀김 기름의 온도가 170~180℃가 되면, 녹말 입힌 미니버섯을 바삭 하게 튀겨 주고, 다시 팬에 만들어 놓은 탕수육소스를 바글바글 끓이다가, 썰어 놓은 채소를 넣고 살짝 익힌 후, 물녹말을 한 숟가락 정도 넣어 끓인 후 튀겨진 미니버섯 위에 올려 완성해 준다.	ht','/images/uploads/recipes/246f10bf83236a41b41ded24c3dfceac',NULL,NULL,NULL,NULL,NULL,NULL,NULL,NULL,'미니버섯(120g), 소금(0.3g), 녹말가루(50g) 달걀흰자(30g), 튀김기름(300g) - 소스 : 저염간장(30g), 홍초(20g), 설탕(20g) 브로컬리(20g), 오이(20g), 당근(20g) 홍파프리카(20g), 노란파프리카(20g) 물녹말(녹말가루 10g, 물 10g)'),(33,'1. 연어는 소금, 후춧가루, 레몬으로 마리네이드 한다.','/images/uploads/recipes/e7fb4714e96b78fc279275bfd72f55e2','2. 양파, 마늘은 입자있게 다진다.','/images/uploads/recipes/ab39c657287a779e9ca6877e0fb2adab','3. 토마토는 씨를 제거하고 입자있게 썰고, 파프리카, 피망은 채 썬 뒤 볶는다.','/images/uploads/recipes/a6f0969eed85c4a8796f698d6078cb32','4. 화이트크림, 생크림을 골고루 섞어 크림소스를 만든다.','/images/uploads/recipes/308f700a3e6506812f5e5357a739fa6b','5. 팬에 버터를 넣고 양파, 마늘을 볶다가 만들어 놓은 크림소스를 넣고 졸인다.','/images/uploads/recipes/4567b591f17cd95054c646862c07166b','6. 접시에 볶은 야채를 담고, 200℃ 오븐에서 10분 정도 구운 연어를 담은 뒤 크림소스를 올린다.','/images/uploads/recipes/ede63b8264e95e5ad3cb2ce62522e794',NULL,NULL,NULL,NULL,NULL,NULL,NULL,NULL,'연어(150g), 양파(50g), 토마토(100g), 파프리카(50g), 당근(30g), 마늘(20g), 청피망(30g), 레몬(1/4개), 소금(0.3g), 후춧가루(0.01g), 생크림(20g), 화이트크림(50g), 버터(20g)'),(34,'1. 연어는 끝을 뾰족하게 살려 슬라이스한다.','/images/uploads/recipes/29117943fd933701a6ad3d963e05a98d','2. 쌀은 깨끗이 씻어 30분 이상 불려 밥을 지어 식힌다.','/images/uploads/recipes/e9f5e776a3035cc93d6414e38c87a436','3. 냄비에 식초, 설탕, 소금 약간과 물을 동량으로 넣고 끓인 뒤 식혀 촛물을 만들어 밥에 넣고 골고루 섞는다.	','/images/uploads/recipes/f9581c19c949ee76715f233aac9f3a3a','4. 당근과 표고버섯은 입자있게 다져 살짝 볶아 식혀놓은 초밥에 넣고 잘 섞어준다.','/images/uploads/recipes/f86466a6a96a01667b954381d4386e9b','5. 와사비 가루에 30℃정도의 물을 넣고 섞은 뒤 발효 시키고, 초밥 형태를 만들어 그 위에 와사비를 바르고 연어를 올린 후 접시에 담는다','/images/uploads/recipes/53068fb776c0f085da2bc6b3deff722e','6. 새싹과 파슬리는 찬물에 담았다 건져 물기를 빼고, 연어 초밥 옆에 올린다.','/images/uploads/recipes/fb20fcdf987491eb54ee56371f54df5c',NULL,NULL,NULL,NULL,NULL,NULL,NULL,NULL,'연어(100g), 쌀(150g), 당근(20g), 표고버섯(3장), 겨자가루(10g), 새싹(10g), 파슬리(5g), 식초(10g), 설탕(20g), 소금(0.2g)'),(35,'1. 곤드레는 뜨거운 물에 데쳐낸 뒤 깨끗하게 헹구고 송송 썰어준다.	','/images/uploads/recipes/7244ed7d1e4d499b8c2e7203ec5a641a','2. 두부의 물기를 짜 준다.','/images/uploads/recipes/44503ee9e206850c544b9ae4afa4cd82','3. 양념장 재료와 물기를 짠 두부로 양념장을 만들어준다.','/images/uploads/recipes/a6e0cd8c8acf2d46c9ad580259addbed','4. 느타리버섯은 뜨거운 물에 데쳐낸 후 수분을 빼 가늘게 찢어준다.','/images/uploads/recipes/a5cd16b53ad3f9205f85c5cc0edc7659','5. 냄비에 참기름을 두르고 곤드레를 볶다가 쌀을 넣고 밥을 해준다.','/images/uploads/recipes/eb50779d203449757e62dde1e814c697','6. 뜸을 들일 때 느타리버섯을 올려주어 밥을 완성한다.','/images/uploads/recipes/e0f5ac3cb0dabd49e233ba82275c13c7',NULL,NULL,NULL,NULL,NULL,NULL,NULL,NULL,'쌀 100g, 건곤드레 10g, 느타리버섯 20g, 참기름 15g 비빔장 : 두부 50g, 된장 15g, 다진청고추 5g, 다진홍고추 5g, 다진마늘 2g 다진대파 2g, 참기름 15g, 통깨 2g'),(36,'1. 망고는 손질 후 버터로 살짝 볶고 레드와인을 넣고 졸이다가 믹서로 갈아주고 딸기잼으로 간과 농도를 맞추어 레드와인 소스를 만든다.','/images/uploads/recipes/e28c2a8f517d0eecd43e48783f28b5fe','2. 소 채끝살은 손질 후 만들어진 레드와인 소스에 마리네이드 해준다.','/images/uploads/recipes/770d46547c5fbd3ad07bd53e3c3c257c','3. 감자는 껍질을 제거 후 먹기 좋은 크기로 잘라서 뜨거운 물에 데쳐내 버터에 볶아준다. 당근은 먹기좋은 크기로 잘라 뜨거운 물에 데쳐 버터 에 볶아주고, 시금치도 데친 후 수분을 제거하 고 버터에 볶는다.	','/images/uploads/recipes/e2af61ec5b2a6a81a08eccfa9b68dd19','4. 마리네이드 한 고기를 구워준다.	','/images/uploads/recipes/d16b109297b60fc8dbfff8be0ce5e530','5. 마리네이드 하고 남은 망고소스를 다시 팬에 졸여 소스를 만든다.	htt','/images/uploads/recipes/e948337b16eb17d69623f5338864acf2','6. 접시에 준비된 채소와 안심을 담고 소스를 뿌려 완성한다.','/images/uploads/recipes/c0530caf2361ba7cf9a9d9078faf5573',NULL,NULL,NULL,NULL,NULL,NULL,NULL,NULL,'소채끝살 200g, 감자 70g, 시금치 25g, 당근 30g 소스 : 레드와인 200cc. 망고 50g, 딸기잼 30g, 볶은소금 0.5g, 후추 2g 무염버터 5g, 설탕 10g, 레몬즙 5g, 다진양파 15g'),(37,'1. 식빵은 가장 자리를 잘라 밀대를 이용 하여 얇게 밀어 준비한다.','/images/uploads/recipes/771653b1a8612e8852cd2b12d106c4ac','2. 감자는 삶은 뒤 곱게 으깨어 올리고당을 넣고 골고루 섞는다.','/images/uploads/recipes/7d0f1be01a6ca93c50f98f4dc1c2fb51','3. 달걀은 약 13분 정도 삶아 껍질을 벗기고, 반으로 갈라 썰어놓는다.','/images/uploads/recipes/8a7ec0559742796a8dab6721f483b60b','4. 당근과 양파 오이도 얇게 썰어놓는다.','/images/uploads/recipes/0a0bba0b6ade594f806583f7fb6bce62','5. 토마토는 포를 떠서 준비한다.','/images/uploads/recipes/e8216474d9d33033a78f2fbe7b0201bb','6. 으깬 감자(②)에 준비한 달걀(③)과 채소(④)를 넣고 소금을 약간 넣은 뒤 골고루 섞어, 밀어 놓은 식빵에 토마토, 치즈, 양상추와 함께 넣어 돌돌 말아 완성한다.','/images/uploads/recipes/568b31e38f5fbae369dd2805ce3d46c9',NULL,NULL,NULL,NULL,NULL,NULL,NULL,NULL,'식빵(100g), 토마토(20g), 어린이치즈(20g), 양상추(30g) 감자(30g), 올리고당(20g), 달걀(60g), 당근(20g), 오이(20g) 양파(20g), 소금(0.3g)'),(38,'1. 소시지는 먹기 좋은 크기로 썰어 나무 막대기에 꽂아놓는다.	','/images/uploads/recipes/8ac2080daf441fd10359e9908c5f5ee4','2. 파프리카는 작게 다져 준비한다.','/images/uploads/recipes/e4fdc8fb4d58f8502c1caf0c02836122','3. 으깬 감자를 준비된 밥과 함께 골고루 섞는다.	','/images/uploads/recipes/f963e9bcc64d0973411bb04597911585','4. 으깬 감자를 다시 준비된 밥과 함께 소금을 조금 넣고 골고루 섞는다.	','/images/uploads/recipes/4b5422a2771c5aca034879545b528a95','5. 밥과 감자가 잘 섞어지면, 다시 다져진 파프리카를 넣고 섞어준다.	','/images/uploads/recipes/47078cf47ffcc6f5aa2cb7f3a72a15f9','6. 막대기에 밀가루를 살짝 바르고, 소시 지에 반죽(⑤)을 감싸듯 손으로 둥글게 말아 밀가루와, 달걀물, 빵가루 순서로 입혀 튀김 기름 170℃의 온도에서 약 2분 정도 튀긴 후 기름을 제거하여 완성한다.	','/images/uploads/recipes/0953612878512e370794bc82462dcfee',NULL,NULL,NULL,NULL,NULL,NULL,NULL,NULL,'소시지(100g), 나무막대기(5개), 밀가루(30g), 달걀(50g) 빵가루(30g), 튀김기름(200g), 파프리카(30g), 밥(50g) 감자(50g), 달걀흰자(10g), 소금(0.3g)'),(40,'1. 닭고기살은 끓는 물에 데쳐 손으로 찢고, 느타리버섯도 데쳐 손으로 찢어 준비한다.','/images/uploads/recipes/41217fa50829a6f41b0c55a40249cb26','2. 사과는 씨를 제거하고 약 6cm 길이로 채를 썰고, 오이와 파프리카도 같은 길이로 채를 썰어 놓는다.','/images/uploads/recipes/d0f6f93fd786b71c4ee39d543c139e03','3. 애호박은 반달로 썰어 식초에 살짝 절여서 볶고, 양파는 채를 썰어 물에 잠시 담가 놓는다.','/images/uploads/recipes/48d33b2e5c42af2f70e8c76bce16c999','4. 아몬드는 우유를 넣어 갈아 준비한다.','/images/uploads/recipes/0c3e86056d7be1e8fa6e0dac7fa5931c','5. 머스터드에 올리고당을 넣어 잘 섞어 준다.	','/images/uploads/recipes/3b6865ca41e883aa74246a91abb3b44e','6. 또띠아를 팬에 기름 없이 굽고, 그 안에 닭고기 살과 느타리버섯, 오이, 사과, 파프리카와 호박을 넣어 속이 보이도록 말아놓고, ④번과 ⑤번은 섞어서 소스를 만들어 완성한다.','/images/uploads/recipes/5b832ead8336cb390e3d8f29a40ce720',NULL,NULL,NULL,NULL,NULL,NULL,NULL,NULL,'또띠아(50g), 닭고기살(100g), 느타리버섯(20g), 사과(20g) 오이(20g), 파프리카(20g), 애호박(20g), 양파(20g), 식초(10g) - 소스 : 아몬드(10g), 우유(20g), 머스터드(20g), 올리고당(20g)'),(41,'1. 찹쌀은 30분 정도, 찰보리는 1시간 이상 불려주고 보리쌀은 한번 쪄 준다.','/images/uploads/recipes/df37caddf6f4405232bfce583ac0d7cf','2. 표고버섯은 물에 데친다. 이때 표고버섯 불린 물은 버리지 않고 짜투리 채소와 함께 채소 국물을 만들어준다.','/images/uploads/recipes/7c3c738ed71b91e01aaa5bdce7a164ea','3. 불린 표고버섯, 청피망, 홍피망, 양파, 오리 가슴살은 작은 정사각형으로 잘라주고 청양 고추는 다져준다.','/images/uploads/recipes/d398acb6c15cc0efba014716659be518','4. 다진 청양고추와 다진마늘은 볶아주고 다시 여기에 다진채소와 가슴살을 볶아준다.','/images/uploads/recipes/dd1ce7135bfdb2d041c68f86c127589a','5. 찹쌀과 보리쌀을 넣어 만들어진 채소국물에 끓여주다 생크림과 우유를 넣어 죽 형태로 만든다.','/images/uploads/recipes/a771b4c2b6e2629ad430169e46865eaf','6. 여기에 볶아진 재료를 넣고 소금으로 간을 하고 말린 토마토를 올려 완성한다.	','/images/uploads/recipes/84ed579d4d81762a9835b4362d329c4f',NULL,NULL,NULL,NULL,NULL,NULL,NULL,NULL,'닭가슴살 100g, 찰보리 50g, 찹쌀 50g, 청피망 50g, 표고버섯 30g, 청양고추 10g, 양파 60g 다진마늘 15g, 홍피망 50g, 생크림 30g, 우유 30g, 올리브오일 50g, 함초소금 2g 고명 : 건조토마토 10g'),(42,'1. 찬물에 다시마를 넣고 끓여 건져 내고 불을 끈 후 가다랑어포를 넣어 우려 육수를 만든다.','/images/uploads/recipes/2d6ad274e2e38a26f2ae82e635e39fc2','2. 두부, 가지는 깍둑 썰고, 표고버섯, 양파는 채 썰고, 달걀은 곱게 푼다.','/images/uploads/recipes/4559bce16de55d139b8474330173e048','3. 두부, 가지는 물기를 제거한 뒤 후춧가루로 밑간하고 녹말가루를 얇게 입혀 식용유를 두른 팬에서 구워 건진다.	','/images/uploads/recipes/4f3674b59ca4b44c4d98ac1d719459b9','4. 육수(1컵)에 청주, 설탕, 간장을 넣고 표고버섯, 양파를 넣고 조려 덮밥 소스를 만든다.	','/images/uploads/recipes/92dcea30ac366196b54bedebf1e99d34','5. 달걀물을 붓고 익을 때까지 저은 후 녹말물을 넣어 되직하게 끓인다.','/images/uploads/recipes/1a28c0474cc16d66eda6ab93e2f620c8','6. 밥을 그릇에 담고 덮밥소스를 곁들인 후 두부, 가지, 가다랑어포를 얹어 마무리한다.','/images/uploads/recipes/1fc3147d4c18f5c4e00e09285b3fea0f',NULL,NULL,NULL,NULL,NULL,NULL,NULL,NULL,'두부(50g), 가지(20g), 표고버섯(30g), 양파(10g),감자, 달걀(15g) 밥(200g), 가다랑어포(1g) 육수 재료 물(200g), 다시마(1g), 가다랑어포(1g) 양념 후춧가루(0.1g), 녹말가루(1g), 청주(1g), 설탕(1g), 간장(2g), 녹말물(18g)'),(43,'1. 연근은 얇게 3㎜ 정도의 두께로 썰어 홍초물에 담가 절인다.','/images/uploads/recipes/295a4c2ec3ae24220ae6b39c6a883fff','2. 미나리는 연근과 비슷한 길이로 썬다.','/images/uploads/recipes/022826a10929fa33daba1205a7b71895','3. 오렌지는 껍질은 얇게 벗겨 채 썰고, 과육부분은 반달 모양으로 2조각 썬다.	','/images/uploads/recipes/23d03511e2abba6e2c6c9795212b62e7','4. 과육을 오렌지주스와 섞은 뒤 갈아 오렌지소스를 만든다.	','/images/uploads/recipes/d40d530bf1c920a05c7e5a74dbd8a55f','5. 팬에 차돌박이를 펼친 뒤 오렌지소스를 조금씩 넣으며 익힌다.','/images/uploads/recipes/7b1ee12be2193effc01830d7d0e70872','6. 그릇에 연근초절임, 미나리, 어린잎채소, 차돌박이 순서로 담은 뒤 오렌지 껍질과 오렌지소스를 얹어 마무리한다.','/images/uploads/recipes/ec73f66ecfa6a6783685bbea576a5c2c',NULL,NULL,NULL,NULL,NULL,NULL,NULL,NULL,'연근(30g), 미나리(20g), 오렌지(50g), 오렌지주스(50g) 차돌박이(60g), 어린잎채소(10g) 홍초물 설탕(5g), 홍초(20g), 물(10g)'),(44,'1. 통삼겹살은 속을 판 뒤 땅콩, 아몬드, 말린 자두, 호두로 채운 뒤 돼지고기 밑간에 재워 놓는다.','/images/uploads/recipes/9c8038186f073cf6ca32802dc2134645','2. 통삼겹살을 김 오른 찜기에 넣어 찐다.','/images/uploads/recipes/0078f21d1ce837ce09783e1addacaa92','3. 물기를 뺀 새우젓과 편 썬 마늘을 기름에 튀긴다.','/images/uploads/recipes/f6f5863e47b7e30270a61c4dc342c550','4. 소스 재료를 끓인다.','/images/uploads/recipes/b82cdb6b244c69c77caf99c18a4d713d','5. 파프리카는 채 썰고, 부추는 먹기 좋은 크기로 썰어 들기름과 고춧가루에 버무린다.','/images/uploads/recipes/bcacebbbf765e32d4bcee2e66f4f2fed','6. 통삼겹살을 먹기 좋은 크기로 썰어 부추, 파프리카 위에 놓고 튀긴 새우젓과 마늘을 올린 뒤 소스를 곁들여 마무리한다.','/images/uploads/recipes/49e491baab002d49549e3b000c61897c',NULL,NULL,NULL,NULL,NULL,NULL,NULL,NULL,'돼지고기(삼겹살, 200g), 땅콩(15g), 아몬드(5g), 말린 자두(15g) 호두(15g), 새우젓(5g), 마늘(20g), 파프리카(45g), 부추(15g) 돼지고기 밑간 간장(5g), 참기름(5g), 후춧가루(1g) 양념 들기름(5g), 고춧가루(5g) 소스 설탕(15g), 맛술(10g), 간장(5g), 닭육수(50g), 다진 마늘(5g) 다진 양파(10g), 다진 생강(5g), 다진 당근(5g)'),(45,'1. 닭가슴살은 곱게 다진다.','/images/uploads/recipes/cca65c363d6601dfa02ff21ebbf86345','2. 당근은 채 썰어서 단촛물에 5분 정도 절이고, 시금치는 데쳐서 물기를 제거하고, 마른 표고버섯은 불린 뒤 곱게 채를 썰어 간장과 참기름에 버무린다.','/images/uploads/recipes/58518bcf632bb634fcdb8671ec199cac','3. 종이포일에 다진 가슴살을 올리고 그 위에 시금치, 당근, 표고버섯과 견과류를 올려 말아준다','/images/uploads/recipes/2bd26234ce720fb40d654b3406d7ec43','4. 김 오른 찜기에 넣어서 25분간 찐다.','/images/uploads/recipes/37e6705728227074985332bac882f56a','5. 겨자소스를 만든다','/images/uploads/recipes/fedeb4d13bdce8299351d051bdbda724','6. 닭가슴살말이에 겨자소스를 곁들여 마무리한다.','/images/uploads/recipes/90958cd397fa221c4286c020d9114a67',NULL,NULL,NULL,NULL,NULL,NULL,NULL,NULL,'닭가슴살(150g), 당근(10g), 시금치(10g) 마른 표고버섯(10g), 간장(5g), 참기름(3g), 견과류(16g) 단촛물 설탕(3g), 식초(10g) 겨자소스 설탕(28g), 발효겨자(28g), 식초(28g), 다진 잣(4g), 다진 땅콩(4g), 참깨(4g)'),(46,'1. 소 불고기는 양념장을 버무려 팬에 볶아준다.','/images/uploads/recipes/815f3bdd70cc9ebd142503e2bdfef74b','2. 청고추, 홍고추는 가늘게 채 썰어준다.','/images/uploads/recipes/179f75fd9ba36cdb7dab683cb537408b','3. 양파는 채 썰고 쪽파도 한입 크기로 잘라준다.','/images/uploads/recipes/55dab75a94c5d87c4b35c607e3e52c03','4. 팽이도 먹기 좋은 크기로 잘라준다.','/images/uploads/recipes/660077205108eb5d7e7d3400fbc03086','5. 계란물을 풀어준다.','/images/uploads/recipes/2e6c38ec598a298dd30d27daeba28243','6. 채소를 각각 볶아주다가 볶은 불고기에 섞어 주고 계란물을 풀어서 밥에 올려서 통깨를 뿌려 완성한다.','/images/uploads/recipes/b41b67ce09f29cee863afb7607623701',NULL,NULL,NULL,NULL,NULL,NULL,NULL,NULL,'쌀밥 200g, 소고기(소불고기) 150g, 양파 60g, 청양고추 15g, 홍고추 18g 팽이버섯 20g, 계란 60g, 쪽파 15g, 마늘기름 30g, 통깨 5g 양념장 : 맛간장 15g, 생강청 15g, 다진마늘 10g, 다진대파 10g, 흰후추 1g, 참기름 5g'),(47,'1. 자숙새우와 소라살은 한번 데친 후 소라살은 먹기 좋게 잘라준다.','/images/uploads/recipes/5468c96d1d1d76a38cc8b521f8a3c308','2. 전복은 껍질을 벗기지 말고 세척해 준다.','/images/uploads/recipes/aa969c65813243b79dbe0f5ce7f61088','3. 양파, 홍피망, 대파는 먹기 좋게 잘라준다.','/images/uploads/recipes/29d347daf7fdbcee64de1a41ae01d3b6','4. 청고추, 홍고추도 먹기 좋게 잘라준다.','/images/uploads/recipes/8721c4319cab5344a7e67e5cca103a0c','5. 데친 물 200g에 양념장을 만들어 멕시코 고추를 담가 숙성시켜준 뒤 양념장에 알마늘을 넣어 끓여준다.','/images/uploads/recipes/743a6093ff46d53e79c68d6680fab72a','6. 만들어진 양념장에 소라, 전복, 자숙새우, 준비된 채소 순으로 넣어 모듬해물찜을 완성 한다.','/images/uploads/recipes/f1a6ebd2c3b76f3cf35bb7ba7bd24f2c',NULL,NULL,NULL,NULL,NULL,NULL,NULL,NULL,'전복 200g, 자숙새우 60g, 바지락살 45g, 알마늘 20g, 대파 15g 청고추 15g, 홍고추 15g, 홍피망 15g, 양파 50g 양념장 : 멕시코고추 2g, 맛간장 30g, 올리고당 15g, 참기름 15g, 흰후추 1g, 물 200g'),(48,'1. 밀가루는 세 군데로 나눠 각각 뽕잎 가루와 호박가루, 백년초가루를 넣고 올리브오일을 넣어 반죽을 하고, 비닐봉투에 넣어 숙성시킨다.	','/images/uploads/recipes/b2c5f2e137ba0a2324574d4be21e13ac','2. 닭은 작게 토막을 내어 생강과 정종, 소금, 후춧가루를 뿌려 숙성시킨다.','/images/uploads/recipes/14304742f84aa4573377ab26f07afd56','3. 파프리카와 피망은 속을 파내고 작은 깍두기 모양으로 썰고, 깻잎은 잘게 썰어둔다.','/images/uploads/recipes/2d448541e11eb1858d2efbf78b7e887c','4. 숙성된 밀가루를 각각 꺼내 밀대로 밀어, 파스타 굵기로 썰어 면을 데쳐 접시에 담아 놓는다.','/images/uploads/recipes/b9c8ed4adfde430f78ae052797966efe','5. 숙성한 닭(②)은 녹말가루와 달걀을 섞은 반죽을 입혀 170℃의 튀김기름에 두 번 튀겨 기름을 제거한다.','/images/uploads/recipes/ce1e461e465c880484c66c157391a23f','6. 파스타면(④) 위에 튀긴 닭(⑤)을 올리고 냄비에 크림소스를 끓이다가 설탕을 넣고, 다시 끓으면 파프리카와 피망, 깻잎(③)을 넣고, 한 번 더 끓인 후 깐풍파스타에 올려 완성한다.','/images/uploads/recipes/cd8ea14d4e6c0d813e25a3b6309fb7cd',NULL,NULL,NULL,NULL,NULL,NULL,NULL,NULL,'밀가루(200g), 뽕잎가루(10g), 백년초가루(10g) 호박가루(10g), 올리브오일(10g), 닭고기(200g), 생강(5g) 정종(10g), 소금(0.5g), 후춧가루(0.02g), 녹말가루(50g) 달걀(50g), 튀김기름(400g) - 소스 : 크림소스(30g), 설탕(10g), 파프리카(20g) 청피망(20g), 깻잎(10g)'),(49,'1. 소고기는 포를 두툼하게 떠서, 소금과 후춧가루를 뿌려 숙성을 시킨다.','/images/uploads/recipes/33384c4f8661949eb5f444dae32bdf83','2. 인삼은 뇌두를 잘라 씻어 약 2cm 두께로 썰고, 파인애플과 파프리카도 두툼하게 썰고, 표고버섯과 대파, 토마토를 썰어 준비하고, 베이컨도 2cm 길이로 썰어 준비한다.','/images/uploads/recipes/459b3350f06915ab111633e5561e3e16','3. 팬에 기름 없이 파인애플과 파프리카를 먼저 굽는다','/images/uploads/recipes/8471381709516648f53dc634c8a4b8ec','4. 잘라놓은 인삼은 올리브오일을 살짝 넣고 굽는다.','/images/uploads/recipes/13f8b02f7ffb2b39300ba8ad51cbedd8','5. 마늘은 썰어 굽고, 준비한 재료를 꼬치에 차례로 꽂아 프라이팬 또는 직화로 구워 담는다.','/images/uploads/recipes/5fdf705c2d3de2ed4faa382a1e7f2e23','6. 유자청에 저염간장과 레몬, 설탕을 넣고 골고루 섞어 구워 놓은 소고기 꼬지에 올려 완성한다.','/images/uploads/recipes/eb430946914467de6e6e12849f8105e5',NULL,NULL,NULL,NULL,NULL,NULL,NULL,NULL,'소고기(100g), 소금(0.5g), 후춧가루(0.02g), 인삼(20g) 올리브오일(5g), 파프리카(20g), 파인애플(30g) 표고버섯(20g), 대파(30g), 토마토(20g), 베이컨(30g) 마늘(20g), 꼬치(3개) - 소스 : 유자청(50g), 저염간장(10g), 레몬(10g), 설탕(10g)');
/*!40000 ALTER TABLE `recipe` ENABLE KEYS */;
UNLOCK TABLES;

--
-- Table structure for table `users`
--

DROP TABLE IF EXISTS `users`;
/*!40101 SET @saved_cs_client     = @@character_set_client */;
/*!50503 SET character_set_client = utf8mb4 */;
CREATE TABLE `users` (
  `usernum` int(11) NOT NULL AUTO_INCREMENT,
  `userid` varchar(45) NOT NULL,
  `password` varchar(45) NOT NULL,
  `email` varchar(45) NOT NULL,
  `favorite` varchar(45) DEFAULT NULL,
  `height` varchar(45) DEFAULT '0',
  `weight` varchar(45) DEFAULT '0',
  `age` varchar(45) DEFAULT '0',
  `sex` char(2) DEFAULT '0',
  `groupname` varchar(30) DEFAULT NULL,
  PRIMARY KEY (`usernum`,`userid`)
) ENGINE=InnoDB AUTO_INCREMENT=20 DEFAULT CHARSET=utf8mb4 COLLATE=utf8mb4_0900_ai_ci;
/*!40101 SET character_set_client = @saved_cs_client */;

--
-- Dumping data for table `users`
--

LOCK TABLES `users` WRITE;
/*!40000 ALTER TABLE `users` DISABLE KEYS */;
INSERT INTO `users` VALUES (1,'admin','admin','admin@google.com',NULL,NULL,NULL,NULL,NULL,NULL),(4,'kwen','1111','kwen@naver.com','7,1,','180','72','25','m','abc'),(18,'aaa','aaa','aaa@naver.com',NULL,'175','48','56','f','a'),(19,'bbb','bbb','bbb@naver.com',NULL,'173','73','24','m','a');
/*!40000 ALTER TABLE `users` ENABLE KEYS */;
UNLOCK TABLES;

--
-- Dumping events for database 'project'
--
/*!40103 SET TIME_ZONE=@OLD_TIME_ZONE */;

/*!40101 SET SQL_MODE=@OLD_SQL_MODE */;
/*!40014 SET FOREIGN_KEY_CHECKS=@OLD_FOREIGN_KEY_CHECKS */;
/*!40014 SET UNIQUE_CHECKS=@OLD_UNIQUE_CHECKS */;
/*!40101 SET CHARACTER_SET_CLIENT=@OLD_CHARACTER_SET_CLIENT */;
/*!40101 SET CHARACTER_SET_RESULTS=@OLD_CHARACTER_SET_RESULTS */;
/*!40101 SET COLLATION_CONNECTION=@OLD_COLLATION_CONNECTION */;
/*!40111 SET SQL_NOTES=@OLD_SQL_NOTES */;

-- Dump completed on 2019-12-17 22:25:29
